Title,Author,Genre,Tone,Pace,Protagonist,Ending,Action/Dev,Romance,Twist,Supernatural,Setting,Length,Style,Theme
Vingt mille lieues sous les mers,Jules Verne,Narrative Nonfiction / Science Fiction / Historical Fiction / realistic fiction / nonfiction / Fiction in Verse / Fiction / Fantasy / Comic,NA,NA,NA,NA,Action,NA,NA,NA,Nature-based / Wilderness Adventure,Very Short (< 150 pages),NA,Science Fiction / Adventure / Fantasy / Mystery / Thriller
Don Quixote,Miguel de Cervantes Saavedra,Narrative Nonfiction / Science Fiction / Historical Fiction / realistic fiction / nonfiction / Fiction in Verse / Fiction / Comic / Biography / Autobiography,NA,NA,NA,NA,Action,NA,NA,NA,Historical,Long (500-700 pages),NA,Science Fiction / Adventure / Historical / Humor
The Giver,Lois Lowry,Fiction / Narrative Nonfiction / Science Fiction / Historical Fiction / realistic fiction / nonfiction / Fiction in Verse / Comic / Fantasy,NA,NA,NA,NA,NA,NA,NA,NA,Dystopian / Post apocalyptic,Short (150-300 pages),NA,Science Fiction / Fantasy / Coming of Age / Adventure
Tempest,William Shakespeare,Drama / Fiction / Narrative Nonfiction / Science Fiction / Historical Fiction / realistic fiction / nonfiction / Fiction in Verse / Comic,Playful / Dramatic,NA,NA,NA,NA,NA,NA,NA,NA,Very Short (< 150 pages),NA,Survival / Science Fiction
The Good Earth,Pearl S. Buck,Fiction / Narrative Nonfiction / Science Fiction / Historical Fiction / realistic fiction / nonfiction / Fiction in Verse / Comic,NA,NA,NA,NA,NA,NA,NA,NA,Historical,NA,NA,Historical / Science Fiction
Twilight,Stephenie Meyer,Fiction / Narrative Nonfiction / Science Fiction / Historical Fiction / realistic fiction / nonfiction / Fiction in Verse / Fantasy / Horror / Comic,NA,NA,NA,NA,Action,NA,NA,Love them,NA,NA,NA,Science Fiction / Fantasy / Horror / Love / Romance / Friendship
The Jungle,Upton Sinclair,Narrative Nonfiction / Science Fiction / Historical Fiction / realistic fiction / nonfiction / Fiction in Verse / Fiction / Comic,NA,NA,NA,NA,NA,NA,NA,NA,Historical,NA,NA,Science Fiction / Historical
The Handmaid's Tale,Margaret Atwood,Fantasy / Fiction / Narrative Nonfiction / Science Fiction / Historical Fiction / realistic fiction / nonfiction / Fiction in Verse / Comic,NA,NA,NA,NA,NA,NA,NA,Neutral,Dystopian / Post apocalyptic,Medium (300-500 pages),NA,Fantasy / Science Fiction / Political / Philosophical
Black Beauty,Anna Sewell,Narrative Nonfiction / Science Fiction / Historical Fiction / realistic fiction / nonfiction / Fiction in Verse / Fiction / Drama / Biography / Autobiography / Legend / Folklore / Fairy Tale / Comic,Dramatic,NA,NA,NA,NA,NA,NA,NA,Historical,Medium (300-500 pages),NA,Science Fiction / Historical / Adventure
A Midsummer Night's Dream,William Shakespeare,Drama / mythology / Narrative Nonfiction / nonfiction / Fiction / Fantasy / Comic / Poetry / Science Fiction / Historical Fiction / realistic fiction / Fiction in Verse,Dramatic,NA,NA,NA,NA,NA,NA,NA,Fantasy Realms,NA,NA,Fantasy / Science Fiction
The Ugly Duckling,Hans Christian Andersen,Fairy Tale / Folklore / Fiction / Narrative Nonfiction / Science Fiction / Historical Fiction / realistic fiction / nonfiction / Fiction in Verse / Drama / Comic / Legend / Fable / mythology / Fantasy,Dramatic,NA,NA,NA,NA,NA,NA,NA,NA,NA,NA,Science Fiction / Fantasy
The Invisible Man,H. G. Wells,Narrative Nonfiction / Science Fiction / Historical Fiction / realistic fiction / nonfiction / Fiction in Verse / Fiction / Fantasy / Mystery / Horror / Comic,NA,NA,NA,NA,NA,NA,NA,NA,Historical,NA,NA,Science Fiction / Fantasy / Horror / Historical
Alice's Adventures in Wonderland / Through the Looking Glass,Lewis Carroll,Fiction / Fantasy / Fairy Tale / Narrative Nonfiction / Science Fiction / Historical Fiction / realistic fiction / nonfiction / Fiction in Verse / Legend / Folklore,Romantic,NA,NA,NA,Action,NA,NA,NA,Fantasy Realms,Short (150-300 pages),NA,Adventure / Fantasy / Science Fiction / Friendship / Humor / Teamwork & Competition / Love / Romance
To Kill a Mockingbird,Harper Lee,Narrative Nonfiction / Science Fiction / Historical Fiction / realistic fiction / nonfiction / Fiction in Verse / Fiction,NA,NA,NA,NA,NA,NA,NA,NA,NA,NA,NA,Science Fiction / Coming of Age
Murder on the Links,Agatha Christie,Narrative Nonfiction / Science Fiction / Historical Fiction / realistic fiction / nonfiction / Fiction in Verse / Fiction / Mystery / Comic,NA,NA,NA,NA,NA,NA,NA,NA,Historical,NA,NA,Science Fiction / Mystery / Thriller / Historical
Homage to Catalonia,George Orwell,Biography / Autobiography / Comic,NA,NA,NA,NA,NA,NA,NA,NA,NA,NA,NA,NA
The Strange Case of Dr. Jekyll and Mr. Hyde,Robert Louis Stevenson,Narrative Nonfiction / Science Fiction / Historical Fiction / realistic fiction / nonfiction / Fiction in Verse / Fiction / Horror / Fantasy / Mystery / Comic / Drama,Dramatic,NA,NA,NA,NA,NA,NA,NA,NA,NA,NA,Science Fiction / Horror / Fantasy
Jane Eyre,Charlotte Bronte?,NA,NA,NA,NA,NA,NA,NA,NA,NA,NA,NA,NA,NA
The Murder of Roger Ackroyd,Agatha Christie,Fiction / Mystery / Narrative Nonfiction / Science Fiction / Historical Fiction / realistic fiction / nonfiction / Fiction in Verse / Comic,NA,NA,NA,NA,NA,NA,NA,NA,Historical,Short (150-300 pages),NA,Mystery / Thriller / Science Fiction / Historical
The Big Four,Agatha Christie,Narrative Nonfiction / Science Fiction / Historical Fiction / realistic fiction / nonfiction / Fiction in Verse / Fiction / Mystery / Comic,NA,NA,NA,NA,NA,NA,NA,NA,NA,Short (150-300 pages),NA,Science Fiction / Mystery / Thriller
The Time Machine,H. G. Wells,Fiction / Narrative Nonfiction / Science Fiction / Historical Fiction / realistic fiction / nonfiction / Fiction in Verse / Comic / Fantasy,NA,NA,NA,NA,Action,NA,NA,NA,Historical,NA,NA,Science Fiction / Adventure / Historical / Fantasy
The Hobbit,J.R.R. Tolkien,Fantasy / Fiction / Narrative Nonfiction / Science Fiction / Historical Fiction / realistic fiction / nonfiction / Fiction in Verse / Comic / Horror / Legend / Fairy Tale / mythology,NA,NA,NA,NA,Character development,NA,NA,NA,Fantasy Realms / Historical,Short (150-300 pages),Experimental or Non-Linear / Fast-pace & action-oriented,Victory & Achievement / Fantasy / Science Fiction / Horror / Adventure / Historical
The First Men in the Moon,H. G. Wells,Narrative Nonfiction / Science Fiction / Historical Fiction / realistic fiction / nonfiction / Fiction in Verse / Fiction,NA,NA,NA,NA,Action,NA,NA,NA,NA,Short (150-300 pages),NA,Science Fiction / Adventure
The Murder at the Vicarage,Agatha Christie,Narrative Nonfiction / Science Fiction / Historical Fiction / realistic fiction / nonfiction / Fiction in Verse / Fiction / Mystery / Comic,NA,NA,NA,NA,NA,NA,NA,NA,NA,NA,NA,Science Fiction / Mystery / Thriller
Dracula,Bram Stoker,Narrative Nonfiction / Science Fiction / Historical Fiction / realistic fiction / nonfiction / Fiction in Verse / Fiction / Horror / Comic / Fantasy / Drama / Legend / Fairy Tale / Folklore / Tall Tale / Fable / mythology,Dramatic / Lyrical / Uplifting / Playful / Hopeful / Suspenseful / Cynical / Whimsical / Reflective,Slow,NA,NA,Character development / Action,A lot / A little,Predictable,Neutral / Realistic / Occasionally / Love them,Historical / Futuristic / Sci-Fi Worlds / depends on the plot / Dystopian / Post apocalyptic / Fantasy Realms / Nature-based / Wilderness Adventure / Small towns or close-knit communities / Big cities / Urban Life / Otherworldly / Parallel Universes,Medium (300-500 pages),Conversational / Satirical or Witty / Descriptive & Lush / Experimental or Non-Linear / Reflective & Thoughtful / Flowery & Poetic,Science Fiction / Horror / Mystery / Thriller / Fantasy / Historical / Grief / Loss / Justice / Law / Survival / Social Issues / Inspiration from Athletes / Faith / Spiritually / Political / Philosophical / Love / Romance / Family Dynamics / Adventure
The Marvelous Land of Oz,L. Frank Baum,Fiction / Fantasy / Narrative Nonfiction / Science Fiction / Historical Fiction / realistic fiction / nonfiction / Fiction in Verse / Comic,NA,NA,NA,NA,NA,NA,NA,NA,Fantasy Realms,Medium (300-500 pages),NA,Fantasy / Science Fiction / Friendship / Adventure
Heart of Darkness,Joseph Conrad,Narrative Nonfiction / Science Fiction / Historical Fiction / realistic fiction / nonfiction / Fiction in Verse / Fiction,Romantic,NA,NA,NA,NA,NA,NA,NA,Historical,Short (150-300 pages),NA,Science Fiction / Historical / Love / Romance
Goodnight Moon,Margaret Wise Brown,Fiction / Narrative Nonfiction / Science Fiction / Historical Fiction / realistic fiction / nonfiction / Fiction in Verse / Comic,NA,NA,NA,NA,NA,NA,NA,NA,NA,Very Short (< 150 pages),NA,Science Fiction
The Island of Dr. Moreau,H. G. Wells,Narrative Nonfiction / Science Fiction / Historical Fiction / realistic fiction / nonfiction / Fiction in Verse / Fiction / Horror / Comic,NA,NA,NA,NA,NA,NA,NA,NA,NA,NA,NA,Survival / Science Fiction / Horror
The food of the gods and how it came to earth,H. G. Wells,Narrative Nonfiction / Science Fiction / Historical Fiction / realistic fiction / nonfiction / Fiction in Verse / Fiction,NA,NA,NA,NA,NA,NA,NA,NA,NA,NA,NA,Science Fiction
The Hitch Hiker's Guide to the Galaxy,Douglas Adams,Science Fiction / Comic / Fiction / Narrative Nonfiction / Historical Fiction / realistic fiction / nonfiction / Fiction in Verse,NA,Fast,NA,NA,Action,NA,NA,NA,Nature-based / Wilderness Adventure,NA,NA,Science Fiction / Humor / Adventure
The Thirty-Nine Steps,John Buchan,Fiction / Narrative Nonfiction / Science Fiction / Historical Fiction / realistic fiction / nonfiction / Fiction in Verse / Mystery,NA,Fast,NA,NA,Action,NA,NA,NA,NA,Short (150-300 pages),NA,Science Fiction / Adventure / Mystery / Thriller
The Magician's Nephew,C.S. Lewis,Fantasy / Fiction / Comic / Narrative Nonfiction / Science Fiction / Historical Fiction / realistic fiction / nonfiction / Fiction in Verse / Fairy Tale / Horror,NA,NA,NA,NA,NA,NA,NA,NA,Fantasy Realms,Short (150-300 pages),NA,Fantasy / Science Fiction / Horror / Adventure / Friendship
The Importance of Being Earnest,Oscar Wilde,Drama / Fiction / Narrative Nonfiction / Science Fiction / Historical Fiction / realistic fiction / nonfiction / Fiction in Verse / Comic,Dramatic / Playful,NA,NA,NA,NA,NA,NA,Love them,NA,Very Short (< 150 pages),NA,Love / Romance / Science Fiction / Humor
Macbeth,William Shakespeare,Drama / Comic / Narrative Nonfiction / Science Fiction / Historical Fiction / realistic fiction / nonfiction / Fiction in Verse / Fiction / Poetry,Dramatic,NA,NA,NA,NA,NA,NA,NA,Historical,NA,NA,Science Fiction / Historical
Kidnapped,Robert Louis Stevenson,Fiction / Narrative Nonfiction / Science Fiction / Historical Fiction / realistic fiction / nonfiction / Fiction in Verse / Mystery / Comic,NA,NA,NA,NA,Action,NA,NA,NA,Nature-based / Wilderness Adventure / Historical,Long (500-700 pages),NA,Science Fiction / Adventure / Historical / Coming of Age / Friendship / Mystery / Thriller
Animal Farm,George Orwell,Fiction / Drama / Comic / Narrative Nonfiction / Science Fiction / Historical Fiction / realistic fiction / nonfiction / Fiction in Verse / Fable,Dramatic / Romantic,NA,NA,NA,NA,NA,NA,NA,NA,NA,NA,Science Fiction / Love / Romance
Death on the Nile,Agatha Christie,Narrative Nonfiction / Science Fiction / Historical Fiction / realistic fiction / nonfiction / Fiction in Verse / Fiction / Mystery / Comic,Suspenseful / Romantic,NA,NA,NA,NA,NA,NA,NA,Historical,Short (150-300 pages),NA,Science Fiction / Historical / Mystery / Thriller / Love / Romance
Of Mice and Men,John Steinbeck,Fiction / Narrative Nonfiction / Science Fiction / Historical Fiction / realistic fiction / nonfiction / Fiction in Verse / Fantasy / Comic / Drama,Romantic / Dramatic,NA,NA,Sad,Character development,NA,NA,NA,Historical,Short (150-300 pages),Experimental or Non-Linear,Friendship / Science Fiction / Victory & Achievement / Love / Romance / Historical / Fantasy
The Red Badge of Courage,Stephen Crane,Comic / Narrative Nonfiction / Science Fiction / Historical Fiction / realistic fiction / nonfiction / Fiction in Verse / Fiction,Romantic,Fast,NA,NA,NA,NA,NA,NA,Historical,Short (150-300 pages),Concise & Straightforward,Coming of Age / Science Fiction / Love / Romance / Mystery / Thriller / Historical
Dorothy and the Wizard in Oz,L. Frank Baum,Fairy Tale / Narrative Nonfiction / Science Fiction / Historical Fiction / realistic fiction / nonfiction / Fiction in Verse / Fiction / Fantasy / Comic,NA,NA,NA,NA,Action,NA,NA,NA,Fantasy Realms,Short (150-300 pages),NA,Science Fiction / Fantasy / Adventure
Peter Pan,J. M. Barrie,Fiction / Narrative Nonfiction / Science Fiction / Historical Fiction / realistic fiction / nonfiction / Fiction in Verse / Drama / Fantasy / Comic,Dramatic,NA,NA,NA,NA,NA,NA,NA,Fantasy Realms,NA,NA,Science Fiction / Fantasy / Adventure
Frankenstein or The Modern Prometheus,Mary Shelley,Narrative Nonfiction / Science Fiction / Historical Fiction / realistic fiction / nonfiction / Fiction in Verse / Fiction / Horror / Comic / Drama,Dramatic,NA,NA,NA,NA,NA,NA,NA,Historical,Short (150-300 pages),NA,Science Fiction / Horror / Historical
The Adventures of Tom Sawyer,Mark Twain,Historical Fiction / Narrative Nonfiction / Science Fiction / realistic fiction / nonfiction / Fiction in Verse / Fiction / Comic,NA,NA,NA,NA,Action,NA,NA,NA,Historical / Nature-based / Wilderness Adventure,Short (150-300 pages),NA,Adventure / Historical / Science Fiction / Friendship / Humor
Inferno,Dante Alighieri,Poetry / Narrative Nonfiction / Science Fiction / Historical Fiction / realistic fiction / nonfiction / Fiction in Verse / Fiction / Comic,Sincere,NA,NA,NA,NA,NA,NA,NA,NA,Long (500-700 pages),Experimental or Non-Linear,Science Fiction / Redemption
The War of the Worlds,H. G. Wells,Fiction / Science Fiction / Fantasy / Narrative Nonfiction / Historical Fiction / realistic fiction / nonfiction / Fiction in Verse / Comic / Legend,NA,NA,NA,NA,Action,NA,NA,NA,NA,NA,NA,Science Fiction / Fantasy / Adventure
Moby Dick,Herman Melville,Science Fiction / Fantasy / Fiction / Narrative Nonfiction / Historical Fiction / realistic fiction / nonfiction / Fiction in Verse / Poetry / Drama / Comic,Dramatic,NA,NA,NA,Action,NA,NA,NA,Historical,Long (500-700 pages),NA,Science Fiction / Fantasy / Adventure / Historical
The Prophet,Kahlil Gibran,Essay / Narrative Nonfiction / Science Fiction / Historical Fiction / realistic fiction / nonfiction / Fiction in Verse / Fiction / Poetry / Fairy Tale / Comic,NA,NA,NA,NA,NA,NA,NA,NA,NA,Very Short (< 150 pages),NA,Science Fiction / Political / Philosophical / Faith / Spiritually
Murder on the Orient Express,Agatha Christie,Mystery / Narrative Nonfiction / Science Fiction / Historical Fiction / realistic fiction / nonfiction / Fiction in Verse / Fiction / Comic,NA,NA,NA,NA,NA,NA,NA,NA,NA,Short (150-300 pages),NA,Mystery / Thriller / Science Fiction
The Great Gatsby,F. Scott Fitzgerald,Fiction / Narrative Nonfiction / Science Fiction / Historical Fiction / realistic fiction / nonfiction / Fiction in Verse / Comic / Drama / Fantasy,Dramatic,NA,Hero / Antihero,Sad,Action,NA,NA,Love them,Historical,Medium (300-500 pages),NA,Science Fiction / Historical / Love / Romance / Friendship / Fantasy / Adventure
The Last of the Mohicans,James Fenimore Cooper,Narrative Nonfiction / Science Fiction / Historical Fiction / realistic fiction / nonfiction / Fiction in Verse / Fiction / Comic / Drama,Romantic / Dramatic,Fast,NA,NA,Action,NA,NA,NA,Historical,NA,NA,Adventure / Science Fiction / Historical / Love / Romance
Voyage au Centre de la Terre,Jules Verne,Narrative Nonfiction / Science Fiction / Historical Fiction / realistic fiction / nonfiction / Fiction in Verse / Fiction / Comic / Fantasy,NA,NA,NA,NA,Action,NA,NA,NA,NA,Medium (300-500 pages),NA,Science Fiction / Adventure / Mystery / Thriller / Fantasy
Robin Hood,Howard Pyle,Fiction / Legend,NA,NA,NA,NA,Action,NA,NA,NA,NA,NA,NA,Adventure
The Night Before Christmas,Clement Clarke Moore,Poetry / Fiction / Narrative Nonfiction / Science Fiction / Historical Fiction / realistic fiction / nonfiction / Fiction in Verse / Comic / Fairy Tale,Dark,Slow,NA,NA,NA,NA,NA,NA,NA,Very Short (< 150 pages),NA,Science Fiction
The Legend of Sleepy Hollow,Washington Irving,Narrative Nonfiction / Science Fiction / Historical Fiction / realistic fiction / nonfiction / Fiction in Verse / Fiction / Folklore / Fantasy / Comic / Horror,NA,NA,NA,NA,NA,NA,NA,NA,Historical,Very Short (< 150 pages),NA,Science Fiction / Fantasy / Horror / Historical
The Hunchback of Notre Dame,Victor Hugo,Fiction / Narrative Nonfiction / Science Fiction / Historical Fiction / realistic fiction / nonfiction / Fiction in Verse / Comic,NA,NA,NA,NA,NA,NA,NA,NA,Historical,NA,NA,Science Fiction / Historical
Treasure Island,Robert Louis Stevenson,Narrative Nonfiction / Science Fiction / Historical Fiction / realistic fiction / nonfiction / Fiction in Verse / Fiction / Comic / Fantasy / Poetry,Suspenseful,NA,NA,NA,Action,NA,NA,NA,Fantasy Realms / Historical,NA,NA,Science Fiction / Adventure / Fantasy / Historical / Mystery / Thriller
Les Trois Mousquetaires,Alexandre Dumas,Narrative Nonfiction / Science Fiction / Historical Fiction / realistic fiction / nonfiction / Fiction in Verse / Fiction / Comic / Drama,Dramatic,NA,NA,NA,Action,NA,NA,NA,Historical,NA,NA,Science Fiction / Adventure / Historical
Nineteen Eighty-Four,George Orwell,Science Fiction / Fiction / Narrative Nonfiction / Historical Fiction / realistic fiction / nonfiction / Fiction in Verse / Drama / Essay / Fantasy / Comic,Dramatic,NA,NA,NA,NA,NA,NA,NA,Historical / Fantasy Realms,NA,NA,Historical / Science Fiction / Fantasy
Great Expectations,Charles Dickens,Fiction / Drama / Narrative Nonfiction / Science Fiction / Historical Fiction / realistic fiction / nonfiction / Fiction in Verse / Comic,Dramatic / Romantic,NA,NA,NA,NA,NA,NA,NA,Historical,Medium (300-500 pages),NA,Coming of Age / Family Dynamics / Science Fiction / Love / Romance / Historical
Wuthering Heights,Emily Bronte?,Fiction / Drama / Narrative Nonfiction / Science Fiction / Historical Fiction / realistic fiction / nonfiction / Fiction in Verse / Comic,Dramatic / Romantic,NA,NA,NA,NA,NA,NA,Love them,Historical,Long (500-700 pages),NA,Science Fiction / Historical / Love / Romance
A Tale of Two Cities,Charles Dickens,Fiction / Narrative Nonfiction / Science Fiction / Historical Fiction / realistic fiction / nonfiction / Fiction in Verse / Comic / Drama,Dramatic,NA,NA,Sad,NA,NA,NA,NA,Historical,NA,NA,Science Fiction / Historical / Friendship
A Christmas Carol,Charles Dickens,Comic / Fiction / Narrative Nonfiction / Science Fiction / Historical Fiction / realistic fiction / nonfiction / Fiction in Verse / Drama / Fantasy / Horror / Poetry,Dramatic,NA,NA,NA,Action,NA,NA,NA,Historical,NA,NA,Science Fiction / Historical / Fantasy / Humor / Adventure / Horror / Family Dynamics / Redemption
King Lear,William Shakespeare,Drama / Legend / Fiction / Narrative Nonfiction / Science Fiction / Historical Fiction / realistic fiction / nonfiction / Fiction in Verse / Poetry / Comic,Dramatic,NA,Supporting Protagonist / Protagonist,NA,NA,NA,Twists and surprises / Predictable,NA,NA,NA,No preferences,Science Fiction
Wind in the Willows,Kenneth Grahame,Fiction / Narrative Nonfiction / Science Fiction / Historical Fiction / realistic fiction / nonfiction / Fiction in Verse / Folklore / Legend / Fairy Tale / Comic / Fantasy / Drama,Dramatic,NA,NA,NA,NA,NA,NA,NA,Fantasy Realms / Historical,NA,NA,Friendship / Science Fiction / Adventure / Fantasy / Humor / Historical
David Copperfield,Charles Dickens,Drama / Fiction / Narrative Nonfiction / Science Fiction / Historical Fiction / realistic fiction / nonfiction / Fiction in Verse,Dramatic,NA,NA,NA,NA,NA,NA,NA,Historical,NA,NA,Coming of Age / Science Fiction / Historical
Hamlet,William Shakespeare,nonfiction / Fiction / Drama / Narrative Nonfiction / Science Fiction / Historical Fiction / realistic fiction / Fiction in Verse / Legend / Comic,Dramatic,NA,NA,Sad,NA,NA,NA,NA,Historical,Very Short (< 150 pages),NA,Science Fiction / Historical
The Jungle Book,Rudyard Kipling,Narrative Nonfiction / Science Fiction / Historical Fiction / realistic fiction / nonfiction / Fiction in Verse / Fiction / Folklore / Legend / Drama / Comic,Dramatic,NA,NA,NA,Action,NA,NA,NA,NA,NA,NA,Science Fiction / Adventure
Le Tour du Monde en Quatre-Vingts Jours,Jules Verne,Narrative Nonfiction / Science Fiction / Historical Fiction / realistic fiction / nonfiction / Fiction in Verse / Fiction / Fantasy / Comic,NA,NA,NA,NA,Action,NA,NA,NA,Historical / Fantasy Realms,NA,NA,Science Fiction / Historical / Adventure / Mystery / Thriller / Fantasy
The Hound of the Baskervilles,Arthur Conan Doyle,Fiction / Mystery / Narrative Nonfiction / Science Fiction / Historical Fiction / realistic fiction / nonfiction / Fiction in Verse / Drama,Dramatic / Dark,NA,NA,NA,NA,NA,NA,NA,NA,NA,NA,Science Fiction / Mystery / Thriller
Othello,William Shakespeare,Drama / Comic / Narrative Nonfiction / Science Fiction / Historical Fiction / realistic fiction / nonfiction / Fiction in Verse / Fiction,Dramatic,NA,Hero,NA,NA,NA,NA,NA,NA,NA,NA,Science Fiction
Three Men in a Boat (to say nothing of the dog),Jerome Klapka Jerome,Fiction / Narrative Nonfiction / Science Fiction / Historical Fiction / realistic fiction / nonfiction / Fiction in Verse / Comic / Drama,Dramatic,NA,NA,NA,NA,NA,NA,NA,Historical,NA,NA,Humor / Friendship / Science Fiction / Historical / Adventure
Romeo and Juliet,William Shakespeare,Drama / Narrative Nonfiction / Science Fiction / Historical Fiction / realistic fiction / nonfiction / Fiction in Verse / Fiction / Comic,Dramatic,NA,NA,NA,NA,NA,NA,Love them,NA,NA,NA,Science Fiction / Love / Romance / Humor
The Prince and the Pauper,Mark Twain,Narrative Nonfiction / Science Fiction / Historical Fiction / realistic fiction / nonfiction / Fiction in Verse / Fiction / Comic,NA,NA,NA,NA,Action,NA,NA,NA,Historical,NA,NA,Science Fiction / Adventure / Historical
A Connecticut Yankee in King Arthur's Court,Mark Twain,Narrative Nonfiction / Science Fiction / Historical Fiction / realistic fiction / nonfiction / Fiction in Verse / Fiction / Fantasy / Legend,Mysterious,NA,NA,NA,Action,NA,NA,NA,Historical,NA,NA,Science Fiction / Fantasy / Historical / Humor / Adventure
A la recherche du temps perdu,Marcel Proust,Narrative Nonfiction / Science Fiction / Historical Fiction / realistic fiction / nonfiction / Fiction in Verse / Fiction / Comic / Drama,Dramatic,NA,NA,NA,NA,NA,NA,NA,NA,NA,NA,Science Fiction / Coming of Age
The Art of War,??,Narrative Nonfiction / Science Fiction / Historical Fiction / realistic fiction / nonfiction / Fiction in Verse / Fiction / Comic,NA,NA,NA,NA,NA,NA,NA,NA,Otherworldly / Parallel Universes,Very Short (< 150 pages),Concise & Straightforward / No preferences,Science Fiction / Teamwork & Competition
Le Comte de Monte Cristo,Alexandre Dumas,Fiction / Narrative Nonfiction / Science Fiction / Historical Fiction / realistic fiction / nonfiction / Fiction in Verse / Drama,Suspenseful / Dramatic,NA,NA,NA,Action,NA,NA,Love them,Historical,Epic (700+ pages),NA,Science Fiction / Adventure / Historical / Friendship / Love / Romance
King Henry V,William Shakespeare,Drama / Biography / Autobiography / Fiction,Dramatic,NA,NA,NA,NA,NA,NA,NA,NA,NA,NA,NA
Gulliver's Travels,Jonathan Swift,Narrative Nonfiction / Science Fiction / Historical Fiction / realistic fiction / nonfiction / Fiction in Verse / Fiction / Fantasy / short story / Biography / Autobiography / Fairy Tale / Comic,NA,NA,NA,NA,Action,NA,NA,NA,Fantasy Realms / Nature-based / Wilderness Adventure / Historical,NA,NA,Science Fiction / Fantasy / Humor / Adventure / Historical / Survival
The Call of the Wild,Jack London,Comic / Narrative Nonfiction / Science Fiction / Historical Fiction / realistic fiction / nonfiction / Fiction in Verse / Fiction / Fantasy,NA,NA,NA,NA,Action,NA,NA,NA,Historical,NA,NA,Adventure / Science Fiction / Fantasy / Historical
Decamerone,Giovanni Boccaccio,Fiction / Narrative Nonfiction / Science Fiction / Historical Fiction / realistic fiction / nonfiction / Fiction in Verse / Comic,NA,NA,NA,NA,NA,NA,NA,NA,Historical,Long (500-700 pages),NA,Historical / Science Fiction
Anne of Green Gables,Lucy Maud Montgomery,Narrative Nonfiction / Science Fiction / Historical Fiction / realistic fiction / nonfiction / Fiction in Verse / Fiction / Fantasy / Biography / Autobiography / Comic,NA,NA,NA,NA,NA,NA,NA,NA,NA,NA,NA,Science Fiction / Friendship / Fantasy
Through the Looking-Glass,Lewis Carroll,Fantasy / Narrative Nonfiction / Science Fiction / Historical Fiction / realistic fiction / nonfiction / Fiction in Verse / Fiction / Poetry / Fairy Tale,NA,NA,NA,NA,NA,NA,NA,NA,Fantasy Realms,Short (150-300 pages),NA,Fantasy / Science Fiction / Adventure / Humor
Sense and Sensibility,Jane Austen,Fiction / Drama / Narrative Nonfiction / Science Fiction / Historical Fiction / realistic fiction / nonfiction / Fiction in Verse,Dramatic,NA,NA,NA,NA,NA,NA,NA,Historical,NA,NA,Historical / Humor / Love / Romance / Science Fiction
The Picture of Dorian Gray,Oscar Wilde,Fiction / Fantasy / Narrative Nonfiction / Science Fiction / Historical Fiction / realistic fiction / nonfiction / Fiction in Verse / Horror / Comic / Drama,Dramatic,NA,NA,NA,Character development,NA,NA,NA,Historical,NA,Experimental or Non-Linear,Fantasy / Science Fiction / Horror / Historical / Victory & Achievement
Little Women,Louisa May Alcott,Narrative Nonfiction / Science Fiction / Historical Fiction / realistic fiction / nonfiction / Fiction in Verse / Fiction / Folklore / Legend / Drama,Dramatic,NA,NA,NA,NA,NA,NA,NA,Historical,Medium (300-500 pages),NA,Science Fiction / Historical / Coming of Age / Family Dynamics / Adventure / Love / Romance / Friendship
Adventures of Huckleberry Finn,Mark Twain,Fiction / Narrative Nonfiction / Science Fiction / Historical Fiction / realistic fiction / nonfiction / Fiction in Verse,NA,NA,NA,NA,Action,NA,NA,NA,Historical,NA,NA,Adventure / Friendship / Humor / Sports / Science Fiction / Coming of Age / Historical
Alice's Adventures in Wonderland,Lewis Carroll,Fiction / Fantasy / Fairy Tale / Narrative Nonfiction / Science Fiction / Historical Fiction / realistic fiction / nonfiction / Fiction in Verse / Legend,NA,NA,NA,NA,NA,NA,NA,NA,Fantasy Realms,NA,NA,Fantasy / Adventure / Science Fiction / Friendship / Humor / Teamwork & Competition
Cyrano de Bergerac,Edmond Rostand,Drama / Narrative Nonfiction / Science Fiction / Historical Fiction / realistic fiction / nonfiction / Fiction in Verse / Fiction / Comic,Dramatic,NA,NA,NA,NA,NA,NA,Love them,Historical,Short (150-300 pages),NA,Science Fiction / Love / Romance / Adventure / Historical / Friendship
The Screwtape Letters,C.S. Lewis,Narrative Nonfiction / Science Fiction / Historical Fiction / realistic fiction / nonfiction / Fiction in Verse / Fiction,NA,NA,NA,NA,NA,NA,NA,NA,NA,Short (150-300 pages),NA,Science Fiction
Artemis Fowl,Eoin Colfer,Narrative Nonfiction / Science Fiction / Historical Fiction / realistic fiction / nonfiction / Fiction in Verse / Fiction / Fantasy / Comic,NA,NA,NA,NA,Action,NA,NA,NA,Fantasy Realms,Medium (300-500 pages),NA,Science Fiction / Adventure / Fantasy
Foundation,Isaac Asimov,Narrative Nonfiction / Science Fiction / Historical Fiction / realistic fiction / nonfiction / Fiction in Verse / Fiction / Fantasy,NA,NA,NA,NA,NA,NA,NA,NA,NA,NA,NA,Science Fiction / Fantasy
Ficciones,Jorge Luis Borges,Fiction / Narrative Nonfiction / Science Fiction / Historical Fiction / realistic fiction / nonfiction / Fiction in Verse,NA,NA,NA,NA,NA,NA,NA,NA,NA,Short (150-300 pages),NA,Science Fiction
The Last Man,Mary Shelley,Narrative Nonfiction / Science Fiction / Historical Fiction / realistic fiction / nonfiction / Fiction in Verse / Fiction / Fantasy,NA,NA,NA,NA,NA,NA,NA,NA,NA,Long (500-700 pages),NA,Science Fiction / Fantasy
Beloved,Toni Morrison,Narrative Nonfiction / Science Fiction / Historical Fiction / realistic fiction / nonfiction / Fiction in Verse / Fiction,NA,NA,NA,NA,NA,NA,NA,NA,Historical,Medium (300-500 pages),NA,Science Fiction / Historical
Dune,Frank Herbert,Narrative Nonfiction / Science Fiction / Historical Fiction / realistic fiction / nonfiction / Fiction in Verse / Fiction / Fantasy,NA,NA,NA,NA,NA,NA,NA,NA,NA,Long (500-700 pages),NA,Science Fiction / Fantasy
A Room of One's Own,Virginia Woolf,Legend / Fairy Tale / Folklore / Historical Fiction / Tall Tale / realistic fiction / Fable / mythology / Narrative Nonfiction / Science Fiction / nonfiction / Fiction in Verse / Fiction,Lyrical / Uplifting / Playful / Hopeful / Suspenseful / Cynical / Whimsical / Reflective,Slow,NA,NA,Character development,A lot / A little,Predictable,Neutral / Realistic / Occasionally / Love them,Futuristic / Sci-Fi Worlds / depends on the plot / Dystopian / Post apocalyptic / Fantasy Realms / Nature-based / Wilderness Adventure / Small towns or close-knit communities / Historical / Big cities / Urban Life / Otherworldly / Parallel Universes,NA,Concise & Straightforward / Conversational / Satirical or Witty / Descriptive & Lush / Experimental or Non-Linear / Reflective & Thoughtful / Flowery & Poetic,Grief / Loss / Justice / Law / Survival / Social Issues / Inspiration from Athletes / Mystery / Thriller / Faith / Spiritually / Political / Philosophical / Historical / Love / Romance / Family Dynamics / Science Fiction
Kim,Rudyard Kipling,Narrative Nonfiction / Science Fiction / Historical Fiction / realistic fiction / nonfiction / Fiction in Verse / Fiction,NA,NA,NA,NA,Action,NA,NA,NA,Historical,Short (150-300 pages),NA,Science Fiction / Adventure / Historical
The Riddle of the Sands,Erskine Childers,Fiction / Narrative Nonfiction / Science Fiction / Historical Fiction / realistic fiction / nonfiction / Fiction in Verse / Mystery,NA,NA,NA,NA,Action,NA,NA,NA,NA,Medium (300-500 pages),NA,Adventure / Science Fiction / Mystery / Thriller
The Great God Pan,Arthur Machen,Horror / Narrative Nonfiction / Science Fiction / Historical Fiction / realistic fiction / nonfiction / Fiction in Verse / Fiction / Fantasy,NA,NA,NA,NA,NA,NA,NA,NA,NA,Very Short (< 150 pages),NA,Horror / Science Fiction / Fantasy
The Scarlet Pimpernel,"Emmuska Orczy, Baroness Orczy",Fiction / Narrative Nonfiction / Science Fiction / Historical Fiction / realistic fiction / nonfiction / Fiction in Verse,NA,Fast,NA,NA,Action,NA,NA,NA,Historical / Nature-based / Wilderness Adventure,NA,NA,Adventure / Science Fiction / Historical
Flatland,Edwin Abbott Abbott,Fiction / Science Fiction / Narrative Nonfiction / Historical Fiction / realistic fiction / nonfiction / Fiction in Verse / Fantasy / Drama,Dramatic,NA,NA,NA,Action,NA,NA,NA,Historical,Very Short (< 150 pages),NA,Science Fiction / Historical / Humor / Adventure / Fantasy
The blue castle,Lucy Maud Montgomery,Fiction / Narrative Nonfiction / Science Fiction / Historical Fiction / realistic fiction / nonfiction / Fiction in Verse,NA,NA,NA,NA,NA,NA,NA,NA,Historical,NA,NA,Friendship / Science Fiction / Historical
The Awakening,Kate Chopin,Fiction / Narrative Nonfiction / Science Fiction / Historical Fiction / realistic fiction / nonfiction / Fiction in Verse,NA,NA,NA,NA,Action,NA,NA,NA,NA,Medium (300-500 pages),NA,Science Fiction
Dubliners,James Joyce,Narrative Nonfiction / Science Fiction / Historical Fiction / realistic fiction / nonfiction / Fiction in Verse / Fiction / short story / Biography / Autobiography,NA,NA,NA,NA,NA,NA,NA,NA,NA,NA,NA,Science Fiction
Of Human Bondage,William Somerset Maugham,Fiction / Narrative Nonfiction / Science Fiction / Historical Fiction / realistic fiction / nonfiction / Fiction in Verse,NA,NA,NA,NA,NA,NA,NA,NA,NA,Long (500-700 pages),NA,Coming of Age / Science Fiction
The Martian Chronicles,Ray Bradbury,Science Fiction / Fiction / Drama / Narrative Nonfiction / Historical Fiction / realistic fiction / nonfiction / Fiction in Verse,Dramatic,NA,NA,NA,NA,NA,NA,NA,NA,Short (150-300 pages),NA,Science Fiction
Lilith,George MacDonald,Fantasy / Fiction / nonfiction,NA,NA,NA,NA,NA,NA,NA,NA,NA,Medium (300-500 pages),NA,Fantasy
The Sign of Four,Arthur Conan Doyle,Mystery / Fiction / Narrative Nonfiction / Science Fiction / Historical Fiction / realistic fiction / nonfiction / Fiction in Verse,NA,NA,NA,NA,Action,NA,NA,NA,NA,Short (150-300 pages),NA,Science Fiction / Adventure
Persuasion,Jane Austen,Fiction / Narrative Nonfiction / Science Fiction / Historical Fiction / realistic fiction / nonfiction / Fiction in Verse,NA,NA,NA,NA,NA,NA,NA,NA,Historical,Short (150-300 pages),NA,Historical / Science Fiction
The Scarlet Letter,Nathaniel Hawthorne,Narrative Nonfiction / Science Fiction / Historical Fiction / realistic fiction / nonfiction / Fiction in Verse / Fiction / Drama,Dramatic,NA,NA,NA,NA,NA,NA,NA,Historical,NA,NA,Science Fiction / Historical
This Side of Paradise,F. Scott Fitzgerald,Narrative Nonfiction / Science Fiction / Historical Fiction / realistic fiction / nonfiction / Fiction in Verse / Fiction,NA,Fast,NA,NA,NA,NA,NA,NA,Historical,Short (150-300 pages),NA,Science Fiction / Love / Romance / Historical / Coming of Age
The Sea Fairies,L. Frank Baum,Fiction / Narrative Nonfiction / Science Fiction / Historical Fiction / realistic fiction / nonfiction / Fiction in Verse / Fantasy,NA,NA,NA,NA,NA,NA,NA,NA,Fantasy Realms / Historical,Short (150-300 pages),NA,Science Fiction / Fantasy / Historical
Fahrenheit 451,Ray Bradbury,Science Fiction / Fiction / Narrative Nonfiction / Historical Fiction / realistic fiction / nonfiction / Fiction in Verse / Drama / Horror,Dramatic,NA,NA,NA,NA,NA,NA,NA,NA,Short (150-300 pages),NA,Science Fiction / Horror
The Lost World,Arthur Conan Doyle,Mystery / Narrative Nonfiction / Science Fiction / Historical Fiction / realistic fiction / nonfiction / Fiction in Verse / Fiction / Fantasy,NA,NA,NA,NA,Action,NA,NA,NA,Fantasy Realms / Historical,Short (150-300 pages),NA,Adventure / Science Fiction / Fantasy / Historical
The Adventures of Sherlock Holmes [12 stories],Arthur Conan Doyle,Mystery / Fiction / Narrative Nonfiction / Science Fiction / Historical Fiction / realistic fiction / nonfiction / Fiction in Verse,Dark,NA,NA,NA,Action,NA,NA,NA,Historical,Medium (300-500 pages),NA,Mystery / Thriller / Science Fiction / Adventure / Historical
The Book of Dragons,Edith Nesbit,Fiction / Narrative Nonfiction / Science Fiction / Historical Fiction / realistic fiction / nonfiction / Fiction in Verse / Fairy Tale,NA,NA,NA,NA,NA,NA,NA,NA,NA,Epic (700+ pages),NA,Science Fiction
When the Sleeper Awakes,H. G. Wells,Narrative Nonfiction / Science Fiction / Historical Fiction / realistic fiction / nonfiction / Fiction in Verse / Fiction / Fantasy,NA,NA,NA,NA,NA,NA,NA,NA,Dystopian / Post apocalyptic,NA,NA,Science Fiction / Fantasy
Poetics,Aristotle,Poetry / Drama,Dramatic,NA,NA,NA,NA,NA,NA,NA,NA,Medium (300-500 pages),NA,NA
The Moonstone,Wilkie Collins,Narrative Nonfiction / Science Fiction / Historical Fiction / realistic fiction / nonfiction / Fiction in Verse / Fiction / Drama / Mystery,Dramatic,NA,NA,NA,NA,NA,NA,NA,NA,NA,NA,Science Fiction / Love / Romance
Daddy-Long-Legs,Jean Webster,Fiction / Narrative Nonfiction / Science Fiction / Historical Fiction / realistic fiction / nonfiction / Fiction in Verse / Drama,Dramatic,NA,NA,NA,NA,NA,NA,NA,NA,NA,NA,Science Fiction
"The Alchemist, 1612",Ben Jonson,Drama / Narrative Nonfiction / Science Fiction / Historical Fiction / realistic fiction / nonfiction / Fiction in Verse / Fiction,Dramatic,NA,NA,NA,NA,NA,NA,NA,NA,NA,NA,Science Fiction
A Room with a View,Edward Morgan Forster,Narrative Nonfiction / Science Fiction / Historical Fiction / realistic fiction / nonfiction / Fiction in Verse / Fiction,NA,NA,NA,NA,NA,NA,NA,Love them,Historical,NA,NA,Science Fiction / Love / Romance / Historical / Humor
White Fang,Jack London,Fiction / Narrative Nonfiction / Science Fiction / Historical Fiction / realistic fiction / nonfiction / Fiction in Verse,NA,NA,NA,NA,Action,NA,NA,NA,Historical,Very Short (< 150 pages),NA,Adventure / Science Fiction / Historical / Mystery / Thriller / Survival
Anthem,Ayn Rand,Narrative Nonfiction / Science Fiction / Historical Fiction / realistic fiction / nonfiction / Fiction in Verse / Fiction,NA,NA,NA,NA,Character development,NA,NA,NA,Historical,NA,Experimental or Non-Linear,Science Fiction / Victory & Achievement / Historical
Emma,Jane Austen,Narrative Nonfiction / Science Fiction / Historical Fiction / realistic fiction / nonfiction / Fiction in Verse / Fiction,NA,NA,NA,NA,NA,NA,NA,NA,Historical,NA,NA,Science Fiction / Historical / Friendship / Coming of Age / Humor / Love / Romance
The Mysterious Affair at Styles,Agatha Christie,Narrative Nonfiction / Science Fiction / Historical Fiction / realistic fiction / nonfiction / Fiction in Verse / Fiction / Mystery,NA,NA,NA,NA,NA,NA,NA,NA,NA,NA,NA,Science Fiction / Mystery / Thriller
The King in Yellow,Robert W. Chambers,Narrative Nonfiction / Science Fiction / Historical Fiction / realistic fiction / nonfiction / Fiction in Verse / Fiction / Horror / Fantasy,NA,NA,NA,NA,NA,NA,NA,NA,NA,Short (150-300 pages),NA,Science Fiction / Horror / Fantasy
Anna Karenina,??? ???????,Narrative Nonfiction / Science Fiction / Historical Fiction / realistic fiction / nonfiction / Fiction in Verse / Fiction / Drama / short story,Dramatic,NA,NA,Sad,NA,NA,NA,Love them,Historical,NA,NA,Science Fiction / Love / Romance / Historical
The Castle of Otranto,Horace Walpole,Fantasy / Fiction / Narrative Nonfiction / Science Fiction / Historical Fiction / realistic fiction / nonfiction / Fiction in Verse / Horror / Mystery,NA,NA,NA,NA,NA,NA,NA,NA,Historical,NA,NA,Fantasy / Science Fiction / Horror / Historical
Pride and Prejudice,Jane Austen,Fiction / Drama / Historical Fiction / Narrative Nonfiction / Science Fiction / realistic fiction / nonfiction / Fiction in Verse,Dramatic / Romantic,NA,NA,NA,NA,NA,NA,NA,Historical,NA,NA,Historical / Family Dynamics / Coming of Age / Love / Romance / Science Fiction
The Mystery of the Blue Train,Agatha Christie,Mystery / Fiction / Narrative Nonfiction / Science Fiction / Historical Fiction / realistic fiction / nonfiction / Fiction in Verse,NA,NA,NA,NA,NA,NA,NA,NA,Historical,NA,NA,Science Fiction / Historical / Mystery / Thriller / Love / Romance
Eva Luna,Isabel Allende,Fiction / Narrative Nonfiction / Science Fiction / Historical Fiction / realistic fiction / nonfiction / Fiction in Verse,NA,NA,NA,NA,NA,NA,NA,NA,NA,NA,NA,Science Fiction
The Hunger Games,Suzanne Collins,Science Fiction / Fiction / Narrative Nonfiction / Historical Fiction / realistic fiction / nonfiction / Fiction in Verse / Fantasy,Romantic,NA,NA,NA,Action,NA,NA,NA,NA,Medium (300-500 pages),NA,Science Fiction / Survival / Love / Romance / Adventure / Fantasy
A Study in Scarlet,Arthur Conan Doyle,Fiction / Mystery / Narrative Nonfiction / Science Fiction / Historical Fiction / realistic fiction / nonfiction / Fiction in Verse,NA,NA,NA,NA,Action,NA,NA,NA,NA,Short (150-300 pages),NA,Adventure / Science Fiction
The Return of Sherlock Holmes,Arthur Conan Doyle,Mystery / Fiction / Narrative Nonfiction / Science Fiction / Historical Fiction / realistic fiction / nonfiction / Fiction in Verse,NA,NA,NA,NA,Action,NA,NA,NA,NA,NA,NA,Science Fiction / Adventure
Northern Lights,Philip Pullman,Fiction / Fantasy / Narrative Nonfiction / Science Fiction / Historical Fiction / realistic fiction / nonfiction / Fiction in Verse / Horror,NA,NA,NA,NA,Action,NA,NA,NA,Fantasy Realms / Nature-based / Wilderness Adventure,Very Short (< 150 pages),NA,Adventure / Fantasy / Science Fiction / Horror / Survival
The Age of Innocence,Edith Wharton,Narrative Nonfiction / Science Fiction / Historical Fiction / realistic fiction / nonfiction / Fiction in Verse / Fiction / Drama,Dramatic,NA,NA,NA,NA,NA,NA,NA,Historical / Modern-Day / Contemporary Settings / Nature-based / Wilderness Adventure,NA,NA,Science Fiction / Love / Romance / Historical / Coming of Age
His Last Bow [8 stories],Arthur Conan Doyle,Mystery / Fiction / Narrative Nonfiction / Science Fiction / Historical Fiction / realistic fiction / nonfiction / Fiction in Verse,NA,NA,NA,NA,Action,NA,NA,NA,Historical,NA,NA,Science Fiction / Historical / Mystery / Thriller / Adventure
Women in Love,D. H. Lawrence,Narrative Nonfiction / Science Fiction / Historical Fiction / realistic fiction / nonfiction / Fiction in Verse / Fiction / Fantasy,NA,NA,NA,NA,NA,NA,NA,NA,NA,Medium (300-500 pages),NA,Love / Romance / Friendship / Science Fiction / Fantasy
The Kite Runner,Khaled Hosseini,Fiction / Narrative Nonfiction / Science Fiction / Historical Fiction / realistic fiction / nonfiction / Fiction in Verse / Drama,Dramatic,NA,NA,Sad,NA,NA,NA,Realistic,Historical,NA,NA,Friendship / Science Fiction / Historical / Coming of Age
La Poetica,Aristotle,Poetry / Folklore,NA,NA,NA,NA,NA,NA,NA,NA,NA,Long (500-700 pages),NA,NA
Lolita,Vladimir Nabokov,Fiction / Narrative Nonfiction / Science Fiction / Historical Fiction / realistic fiction / nonfiction / Fiction in Verse / Drama,Dramatic,NA,NA,NA,NA,NA,NA,Love them,NA,Long (500-700 pages),NA,Science Fiction / Love / Romance
A Princess of Mars,Edgar Rice Burroughs,Narrative Nonfiction / Science Fiction / Historical Fiction / realistic fiction / nonfiction / Fiction in Verse / Fiction / Fantasy / Folklore,NA,NA,NA,NA,Action,NA,NA,NA,Fantasy Realms,NA,NA,Science Fiction / Fantasy / Adventure
Pickwick Papers,Charles Dickens,Narrative Nonfiction / Science Fiction / Historical Fiction / realistic fiction / nonfiction / Fiction in Verse / Fiction,NA,NA,NA,NA,Character development / Action,NA,NA,NA,Historical,NA,Experimental or Non-Linear,Science Fiction / Victory & Achievement / Friendship / Humor / Adventure / Historical
The Sun Also Rises,Ernest Hemingway,Fiction / Narrative Nonfiction / Science Fiction / Historical Fiction / realistic fiction / nonfiction / Fiction in Verse,NA,NA,NA,NA,NA,NA,NA,NA,Historical,Short (150-300 pages),NA,Historical / Science Fiction
Brood of the Witch-Queen,Sax Rohmer,Fantasy / Narrative Nonfiction / Science Fiction / Historical Fiction / realistic fiction / nonfiction / Fiction in Verse / Fiction / Horror,NA,NA,NA,NA,NA,NA,NA,NA,Fantasy Realms / Historical,NA,NA,Fantasy / Science Fiction / Horror / Historical
Ulysses,James Joyce,Narrative Nonfiction / Science Fiction / Historical Fiction / realistic fiction / nonfiction / Fiction in Verse / Fiction,NA,NA,NA,NA,Character development,NA,NA,NA,Historical,NA,Experimental or Non-Linear,Friendship / Science Fiction / Historical / Victory & Achievement
The Witches,Roald Dahl,Narrative Nonfiction / Science Fiction / Historical Fiction / realistic fiction / nonfiction / Fiction in Verse / Fiction / Fantasy / Drama,Dramatic,NA,NA,NA,NA,NA,NA,NA,NA,NA,NA,Science Fiction / Humor / Fantasy / Adventure
Guess How Much I Love You,Sam McBratney,Narrative Nonfiction / Science Fiction / Historical Fiction / realistic fiction / nonfiction / Fiction in Verse / Fiction / Drama,Dramatic,NA,NA,NA,NA,NA,NA,Love them,NA,NA,NA,Science Fiction / Love / Romance / Adventure / Social Issues / Humor
Matilda,Roald Dahl,Fiction / Narrative Nonfiction / Science Fiction / Historical Fiction / realistic fiction / nonfiction / Fiction in Verse / Fantasy,NA,NA,NA,NA,NA,NA,NA,NA,NA,Short (150-300 pages),NA,Science Fiction / Humor / Fantasy
An American Tragedy,Theodore Dreiser,Narrative Nonfiction / Science Fiction / Historical Fiction / realistic fiction / nonfiction / Fiction in Verse / Fiction / Mystery,NA,NA,NA,NA,NA,NA,NA,NA,Historical,NA,NA,Science Fiction / Mystery / Thriller / Historical
The Pearl,John Steinbeck,Narrative Nonfiction / Science Fiction / Historical Fiction / realistic fiction / nonfiction / Fiction in Verse / Fiction,NA,NA,NA,NA,Character development,NA,NA,NA,Historical,Short (150-300 pages),Experimental or Non-Linear,Family Dynamics / Victory & Achievement / Science Fiction / Historical
Middlemarch,George Eliot,Narrative Nonfiction / Science Fiction / Historical Fiction / realistic fiction / nonfiction / Fiction in Verse / Fiction / Mystery,NA,NA,NA,NA,NA,NA,NA,NA,Historical,Epic (700+ pages),NA,Science Fiction / Historical / Coming of Age
Catch-22,Joseph Heller,Narrative Nonfiction / Science Fiction / Historical Fiction / realistic fiction / nonfiction / Fiction in Verse / Fiction / Drama,Dramatic / Romantic,Fast,NA,NA,NA,NA,NA,NA,Historical,Medium (300-500 pages),NA,Science Fiction / Historical / Love / Romance
The Bell Jar,Sylvia Plath,Poetry / Narrative Nonfiction / Science Fiction / Historical Fiction / realistic fiction / nonfiction / Fiction in Verse / Fiction,NA,NA,NA,NA,NA,NA,NA,NA,NA,Short (150-300 pages),NA,Science Fiction
The Tale of Peter Rabbit,Beatrix Potter,Fiction / Narrative Nonfiction / Science Fiction / Historical Fiction / realistic fiction / nonfiction / Fiction in Verse,NA,NA,NA,NA,NA,NA,NA,NA,NA,NA,NA,Adventure / Science Fiction
Far From the Madding Crowd,Thomas Hardy,Narrative Nonfiction / Science Fiction / Historical Fiction / realistic fiction / nonfiction / Fiction in Verse / Fiction,NA,NA,NA,NA,NA,NA,NA,NA,Historical,NA,NA,Science Fiction / Historical / Love / Romance
One Flew Over the Cuckoo's Nest,Ken Kesey,Narrative Nonfiction / Science Fiction / Historical Fiction / realistic fiction / nonfiction / Fiction in Verse / Fiction,NA,NA,NA,NA,NA,NA,NA,NA,NA,Short (150-300 pages),NA,Science Fiction / Friendship
The Lost Symbol,Dan Brown,Historical Fiction / Fiction / Narrative Nonfiction / Science Fiction / realistic fiction / nonfiction / Fiction in Verse / Mystery,NA,NA,NA,NA,Action,NA,NA,NA,Historical,Epic (700+ pages),NA,Historical / Science Fiction / Adventure
Memoirs of Sherlock Holmes [11 stories],Arthur Conan Doyle,Mystery / Fiction / Narrative Nonfiction / Science Fiction / Historical Fiction / realistic fiction / nonfiction / Fiction in Verse,NA,NA,NA,NA,Action,NA,NA,NA,NA,NA,NA,Science Fiction / Adventure
Bridge to Terabithia,Katherine Paterson,Narrative Nonfiction / Science Fiction / Historical Fiction / realistic fiction / nonfiction / Fiction in Verse / Fiction / Fantasy,NA,NA,NA,NA,NA,NA,NA,NA,Fantasy Realms,NA,NA,Science Fiction / Friendship / Grief / Loss / Fantasy
Ender's Game,Orson Scott Card,Science Fiction / Fiction / Narrative Nonfiction / Historical Fiction / realistic fiction / nonfiction / Fiction in Verse,NA,NA,NA,NA,NA,NA,NA,NA,NA,Medium (300-500 pages),NA,Science Fiction
The Portrait of a Lady,Henry James,Narrative Nonfiction / Science Fiction / Historical Fiction / realistic fiction / nonfiction / Fiction in Verse / Fiction,NA,NA,NA,NA,NA,NA,NA,NA,Historical,Long (500-700 pages),NA,Science Fiction / Historical / Love / Romance
Orlando,Virginia Woolf,Fiction / Narrative Nonfiction / Science Fiction / Historical Fiction / realistic fiction / nonfiction / Fiction in Verse / Fantasy / Drama,Dramatic,NA,NA,NA,Character development,NA,NA,NA,Historical,NA,Experimental or Non-Linear,Science Fiction / Victory & Achievement / Fantasy / Historical
A Mind That Found Itself,Clifford Whittingham Beers,Biography / Autobiography,NA,NA,NA,NA,NA,NA,NA,NA,NA,Medium (300-500 pages),NA,NA
Autobiography,Benjamin Franklin,Biography / Autobiography / Narrative Nonfiction / nonfiction / Fiction / Science Fiction / Historical Fiction / realistic fiction / Fiction in Verse,NA,NA,NA,NA,Action,NA,NA,NA,Historical / Big cities / Urban Life,NA,Conversational / Fast-pace & action-oriented,Science Fiction / Historical / Teamwork & Competition / Training & Dedication / Inspiration from Athletes / Redemption
Madame Bovary,Gustave Flaubert,Fiction / Narrative Nonfiction / Science Fiction / Historical Fiction / realistic fiction / nonfiction / Fiction in Verse,NA,NA,NA,NA,NA,NA,NA,NA,NA,NA,NA,Science Fiction
Mrs. Dalloway,Virginia Woolf,Narrative Nonfiction / Science Fiction / Historical Fiction / realistic fiction / nonfiction / Fiction in Verse / Fiction,NA,NA,NA,NA,NA,NA,NA,NA,NA,NA,NA,Science Fiction
Die Verwandlung,Franz Kafka,Fantasy / Fiction / Narrative Nonfiction / Science Fiction / Historical Fiction / realistic fiction / nonfiction / Fiction in Verse,NA,NA,NA,NA,NA,NA,NA,NA,Historical,NA,NA,Fantasy / Science Fiction / Family Dynamics / Historical
Little men,Louisa May Alcott,Historical Fiction / Narrative Nonfiction / Science Fiction / realistic fiction / nonfiction / Fiction in Verse / Fiction,NA,NA,NA,NA,NA,NA,NA,NA,Historical,NA,NA,Historical / Science Fiction / Family Dynamics / Friendship
The Souls of Black Folk,W. E. B. Du Bois,Narrative Nonfiction / nonfiction / Fiction / Science Fiction / Historical Fiction / realistic fiction / Fiction in Verse,NA,NA,NA,NA,NA,NA,NA,NA,NA,NA,NA,Science Fiction
Tuesdays with Morrie,Mitch Albom,Biography / Autobiography / Narrative Nonfiction / nonfiction / Fiction,NA,NA,NA,NA,NA,NA,NA,NA,NA,Short (150-300 pages),NA,Inspiration from Athletes
Narrative of the life of Frederick Douglass,Frederick Douglass,Biography / Autobiography / Historical Fiction / Fiction,NA,NA,NA,NA,NA,NA,NA,NA,Historical,NA,NA,Historical
Northanger Abbey,Jane Austen,Narrative Nonfiction / Science Fiction / Historical Fiction / realistic fiction / nonfiction / Fiction in Verse / Fiction / Horror,Suspenseful,NA,NA,NA,NA,NA,NA,NA,Historical,NA,NA,Science Fiction / Horror / Friendship / Historical / Love / Romance
Flush,Virginia Woolf,Narrative Nonfiction / Science Fiction / Historical Fiction / realistic fiction / nonfiction / Fiction in Verse / Fiction / Legend / Biography / Autobiography / Folklore,NA,NA,NA,NA,NA,NA,NA,NA,NA,NA,NA,Science Fiction
Manifest der Kommunistischen Partei,Karl Marx,Narrative Nonfiction / nonfiction / Fiction / Biography / Autobiography,NA,NA,NA,NA,NA,NA,NA,NA,NA,Very Short (< 150 pages),NA,NA
"Works [37 plays, 6 poems, sonnets]",William Shakespeare,Drama / Poetry / Fiction / Narrative Nonfiction / Science Fiction / Historical Fiction / realistic fiction / nonfiction / Fiction in Verse / Biography / Autobiography / Legend,Dramatic / Playful,NA,Hero / Antihero,Sad,NA,NA,NA,Love them,NA,NA,NA,Science Fiction / Survival / Love / Romance
Les fleurs du mal,Charles Baudelaire,Biography / Autobiography / Poetry,NA,NA,NA,NA,NA,NA,NA,NA,NA,Short (150-300 pages),NA,NA
"The life of Olaudah Equiano, or Gustavus Vassa, the African",Olaudah Equiano,Biography / Autobiography / Narrative Nonfiction / nonfiction / Fiction,NA,NA,NA,NA,NA,NA,NA,NA,Historical,NA,NA,Historical
... Trotzdem Ja zum Leben sagen,Viktor E. Frankl,Biography / Autobiography / Drama,Dramatic,Fast,NA,NA,NA,NA,NA,NA,NA,Short (150-300 pages),Concise & Straightforward / Experimental or Non-Linear,NA
Candide,Voltaire,Narrative Nonfiction / Science Fiction / Historical Fiction / realistic fiction / nonfiction / Fiction in Verse / Fiction,NA,NA,NA,NA,NA,NA,NA,NA,Big cities / Urban Life / Historical,Very Short (< 150 pages),NA,Science Fiction / Adventure / Humor / Historical
Lives,Plutarch,Biography / Autobiography / Historical Fiction,NA,NA,NA,NA,NA,NA,NA,NA,Historical,NA,No preferences,Historical / Political / Philosophical
An autobiography,Mohandas Karamchand Gandhi,Narrative Nonfiction / nonfiction / Fiction / Biography / Autobiography,NA,NA,NA,NA,NA,NA,NA,NA,NA,Short (150-300 pages),NA,NA
Autobiography of a Yogi,Yogananda Paramahansa,Biography / Autobiography / Narrative Nonfiction / nonfiction / Fiction,NA,NA,NA,NA,NA,NA,NA,NA,NA,Medium (300-500 pages),NA,NA
Oliver Twist,Charles Dickens,Fiction / Narrative Nonfiction / Science Fiction / Historical Fiction / realistic fiction / nonfiction / Fiction in Verse / Drama / Mystery,Dramatic / Grim,NA,NA,NA,NA,NA,NA,NA,Historical,Medium (300-500 pages),NA,Coming of Age / Science Fiction / Historical
Leaves of Grass,Walt Whitman,Poetry / Narrative Nonfiction / Science Fiction / Historical Fiction / realistic fiction / nonfiction / Fiction in Verse / Fiction / Biography / Autobiography,NA,NA,NA,NA,NA,NA,NA,NA,NA,Medium (300-500 pages),NA,Science Fiction
Les confessions,Jean-Jacques Rousseau,Biography / Autobiography / Narrative Nonfiction / Science Fiction / Historical Fiction / realistic fiction / nonfiction / Fiction in Verse / Fiction,NA,NA,NA,NA,NA,NA,NA,NA,Historical,NA,NA,Science Fiction / Adventure / Historical
Confessions,Augustine of Hippo,Narrative Nonfiction / nonfiction / Fiction / Biography / Autobiography / Science Fiction / Historical Fiction / realistic fiction / Fiction in Verse,Sincere,NA,NA,NA,NA,NA,NA,NA,NA,Short (150-300 pages),NA,Inspiration from Athletes / Science Fiction / Redemption / Faith / Spiritually
Incidents in the life of a slave girl,Harriet A. Jacobs,Biography / Autobiography / Narrative Nonfiction / nonfiction / Fiction / Science Fiction / Historical Fiction / realistic fiction / Fiction in Verse,NA,NA,NA,NA,NA,NA,NA,NA,Historical,Medium (300-500 pages),NA,Science Fiction / Historical
Life on the Mississippi,Mark Twain,Narrative Nonfiction / Science Fiction / Historical Fiction / realistic fiction / nonfiction / Fiction in Verse / Fiction / Biography / Autobiography / Speech,NA,NA,NA,NA,NA,NA,NA,NA,Historical,NA,NA,Science Fiction / Historical / Humor / Friendship
The Wonderful Wizard of Oz,L. Frank Baum,Narrative Nonfiction / Science Fiction / Historical Fiction / realistic fiction / nonfiction / Fiction in Verse / Fiction / Fairy Tale / Fantasy / Fable / Drama,Dramatic,NA,NA,NA,Action,NA,NA,NA,Fantasy Realms,NA,NA,Science Fiction / Adventure / Fantasy / Friendship
Twelve years a slave,Solomon Northup,Biography / Autobiography,NA,NA,NA,NA,NA,NA,NA,NA,NA,Medium (300-500 pages),NA,NA
Mein Kampf,Adolf Hitler,Biography / Autobiography,NA,NA,NA,NA,NA,NA,NA,NA,NA,Epic (700+ pages),NA,NA
Up from Slavery,Booker T. Washington,Biography / Autobiography / Narrative Nonfiction / nonfiction / Fiction,NA,NA,NA,NA,NA,NA,NA,NA,NA,Short (150-300 pages),NA,NA
The Razor's Edge,William Somerset Maugham,Narrative Nonfiction / Science Fiction / Historical Fiction / realistic fiction / nonfiction / Fiction in Verse / Fiction,NA,Fast,NA,NA,NA,NA,NA,NA,NA,Medium (300-500 pages),NA,Science Fiction
Walden,Henry David Thoreau,Biography / Autobiography / Essay / Narrative Nonfiction / Science Fiction / Historical Fiction / realistic fiction / nonfiction / Fiction in Verse / Fiction,NA,NA,NA,NA,NA,NA,NA,NA,Nature-based / Wilderness Adventure,NA,NA,Science Fiction
Het Achterhuis,Anne Frank,Biography / Autobiography / nonfiction / Fiction,NA,Fast,NA,NA,NA,NA,NA,NA,NA,Short (150-300 pages),NA,NA
Good wives,Louisa May Alcott,Narrative Nonfiction / Science Fiction / Historical Fiction / realistic fiction / nonfiction / Fiction in Verse / Fiction,NA,NA,NA,NA,NA,NA,NA,NA,NA,NA,NA,Science Fiction
Eyewitness,DK Publishing,Biography / Autobiography,NA,NA,NA,NA,NA,NA,NA,NA,NA,Very Short (< 150 pages),NA,NA
A Farewell to Arms,Ernest Hemingway,Narrative Nonfiction / Science Fiction / Historical Fiction / realistic fiction / nonfiction / Fiction in Verse / Fiction / Biography / Autobiography,Romantic,Fast,NA,NA,NA,NA,NA,NA,Historical,Medium (300-500 pages),Concise & Straightforward,Science Fiction / Historical / Love / Romance
Little House in the Big Woods,Laura Ingalls Wilder,Fiction / Narrative Nonfiction / Science Fiction / Historical Fiction / realistic fiction / nonfiction / Fiction in Verse,NA,NA,NA,NA,NA,NA,NA,NA,NA,Very Short (< 150 pages),NA,Science Fiction / Family Dynamics
Poems by John Keats,John Keats,Poetry / Biography / Autobiography,NA,NA,NA,NA,NA,NA,NA,NA,NA,NA,NA,NA
The Second World War,Winston S. Churchill,Biography / Autobiography,NA,Fast,NA,NA,NA,NA,NA,NA,NA,NA,Concise & Straightforward,NA
Bambi (First Colouring Tall),Felix Salten,Narrative Nonfiction / Science Fiction / Historical Fiction / realistic fiction / nonfiction / Fiction in Verse / Fiction / Folklore / Legend / Biography / Autobiography,NA,NA,NA,NA,NA,NA,NA,NA,NA,NA,NA,Science Fiction
Henry Moore,David Sylvester,Biography / Autobiography,NA,NA,NA,NA,NA,NA,NA,NA,NA,Short (150-300 pages),NA,NA
"Tom Sawyer, Detective",Mark Twain,Narrative Nonfiction / Science Fiction / Historical Fiction / realistic fiction / nonfiction / Fiction in Verse / Fiction / Biography / Autobiography / Mystery,NA,NA,NA,NA,Action,NA,NA,NA,Nature-based / Wilderness Adventure,NA,NA,Science Fiction / Humor / Adventure
John Donne Poetry,John Donne,Poetry / Biography / Autobiography / Fiction,NA,NA,NA,NA,NA,NA,NA,NA,NA,Medium (300-500 pages),NA,NA
Picasso,Pablo Picasso,mythology / Biography / Autobiography,NA,NA,NA,NA,NA,NA,NA,NA,NA,Short (150-300 pages),NA,NA
Moralia,Plutarch,Biography / Autobiography / Essay / Science Fiction / Drama / Poetry,Dramatic,NA,NA,NA,NA,NA,NA,NA,NA,Long (500-700 pages),NA,Science Fiction
Vincent van Gogh,Vincent van Gogh,Biography / Autobiography,NA,NA,NA,NA,NA,NA,NA,NA,NA,Very Short (< 150 pages),NA,NA
Anne of Windy Poplars,Lucy Maud Montgomery,Fiction,NA,NA,NA,NA,NA,NA,NA,NA,NA,Medium (300-500 pages),NA,NA
The Travels of Marco Polo,Marco Polo,Biography / Autobiography / Fairy Tale,NA,NA,NA,NA,NA,NA,NA,NA,NA,Very Short (< 150 pages),NA,NA
The Pilgrim's Progress,John Bunyan,Narrative Nonfiction / Science Fiction / Historical Fiction / realistic fiction / nonfiction / Fiction in Verse / Fiction / Biography / Autobiography,Grim,NA,NA,NA,NA,NA,NA,NA,Historical,NA,NA,Science Fiction / Historical
Max Ernst,Max Ernst,Biography / Autobiography,NA,NA,NA,NA,NA,NA,NA,NA,NA,NA,NA,NA
Paradise Lost,John Milton,Biography / Autobiography / Poetry,NA,NA,NA,NA,Character development,NA,NA,NA,NA,Long (500-700 pages),NA,Victory & Achievement
Paul Klee,Paul Klee,Biography / Autobiography,NA,NA,NA,NA,NA,NA,NA,NA,NA,NA,NA,NA
Sonnets,William Shakespeare,Poetry / Narrative Nonfiction / Science Fiction / Historical Fiction / realistic fiction / nonfiction / Fiction in Verse / Fiction / Drama / Biography / Autobiography,Dramatic,NA,NA,NA,NA,NA,NA,Love them,NA,Very Short (< 150 pages),NA,Science Fiction / Love / Romance
Anne's House of Dreams,Lucy Maud Montgomery,Fiction / Narrative Nonfiction / Science Fiction / Historical Fiction / realistic fiction / nonfiction / Fiction in Verse,NA,NA,NA,NA,NA,NA,NA,NA,NA,NA,NA,Friendship / Science Fiction
Anne of the Island,Lucy Maud Montgomery,Narrative Nonfiction / Science Fiction / Historical Fiction / realistic fiction / nonfiction / Fiction in Verse / Fiction,NA,NA,NA,NA,NA,NA,NA,NA,NA,Short (150-300 pages),NA,Friendship / Science Fiction
Anne of Avonlea,Lucy Maud Montgomery,Narrative Nonfiction / Science Fiction / Historical Fiction / realistic fiction / nonfiction / Fiction in Verse / Fiction,NA,NA,NA,NA,NA,NA,NA,NA,NA,Short (150-300 pages),NA,Science Fiction / Friendship
Plays (36),William Shakespeare,Drama / Narrative Nonfiction / Science Fiction / Historical Fiction / realistic fiction / nonfiction / Fiction in Verse / Fiction / Biography / Autobiography / Poetry,Dramatic,NA,Hero / Antihero,Sad,NA,NA,NA,NA,NA,Epic (700+ pages),NA,Survival / Science Fiction
"The life of Olaudah Equiano, or Gustavus Vassa, the African",Olaudah Equiano,Biography / Autobiography / Narrative Nonfiction / nonfiction / Fiction,NA,NA,NA,NA,NA,NA,NA,NA,Historical,NA,NA,Historical
Study Guide,Supersummary,NA,NA,NA,NA,NA,NA,NA,NA,NA,NA,NA,NA,NA
Metamorphoses,Ovid,Poetry / mythology / Fable / Legend / Fiction / Narrative Nonfiction / Science Fiction / Historical Fiction / realistic fiction / nonfiction / Fiction in Verse,NA,Fast,NA,NA,NA,NA,NA,NA,NA,Short (150-300 pages),NA,Science Fiction
On Liberty,John Stuart Mill,Narrative Nonfiction / nonfiction / Fiction / Poetry,NA,NA,NA,NA,NA,NA,NA,NA,Nature-based / Wilderness Adventure,NA,NA,NA
The Complete Life and Adventures of Santa Claus,L. Frank Baum,Fantasy / Narrative Nonfiction / Science Fiction / Historical Fiction / realistic fiction / nonfiction / Fiction in Verse / Fiction,NA,NA,NA,NA,Action,NA,NA,NA,Fantasy Realms,Very Short (< 150 pages),NA,Fantasy / Science Fiction / Adventure
"Speak, Memory",Vladimir Nabokov,Biography / Autobiography / Fiction,NA,NA,NA,NA,NA,NA,NA,NA,NA,NA,NA,NA
American notes,Charles Dickens,Narrative Nonfiction / Science Fiction / Historical Fiction / realistic fiction / nonfiction / Fiction in Verse / Fiction / Biography / Autobiography,NA,NA,NA,NA,NA,NA,NA,NA,NA,NA,NA,Humor / Science Fiction
Memoirs of Fanny Hill,John Cleland,Narrative Nonfiction / Science Fiction / Historical Fiction / realistic fiction / nonfiction / Fiction in Verse / Fiction,NA,NA,NA,NA,NA,NA,NA,NA,Historical,Short (150-300 pages),NA,Science Fiction / Historical
The Magician,William Somerset Maugham,Narrative Nonfiction / Science Fiction / Historical Fiction / realistic fiction / nonfiction / Fiction in Verse / Fiction / Biography / Autobiography / Horror,NA,NA,NA,NA,NA,NA,NA,NA,NA,NA,NA,Science Fiction / Horror
Leonardo,Leonardo da Vinci,Science Fiction / Biography / Autobiography,NA,NA,NA,NA,NA,NA,NA,NA,NA,Short (150-300 pages),NA,Science Fiction
Long Walk to Freedom,Nelson Mandela,Biography / Autobiography / nonfiction / Fiction,NA,NA,NA,NA,NA,NA,NA,NA,NA,Long (500-700 pages),NA,NA
"I, Claudius",Robert Graves,Fiction / Narrative Nonfiction / Science Fiction / Historical Fiction / realistic fiction / nonfiction / Fiction in Verse / Drama,Dramatic / Romantic,NA,NA,NA,NA,NA,NA,NA,Historical,Medium (300-500 pages),NA,Science Fiction / Historical / Love / Romance
Zen and the Art of Motorcycle Maintenance,Robert M. Pirsig,Biography / Autobiography / Narrative Nonfiction / nonfiction / Fiction,NA,NA,NA,NA,NA,NA,NA,NA,NA,NA,NA,NA
I Know Why the Caged Bird Sings,Maya Angelou,Biography / Autobiography / Narrative Nonfiction / nonfiction / Fiction,NA,NA,NA,NA,NA,NA,NA,NA,NA,NA,NA,NA
Saint Francis of Assisi,Gilbert Keith Chesterton,Narrative Nonfiction / nonfiction / Fiction / Biography / Autobiography,NA,NA,NA,NA,NA,NA,NA,NA,NA,Short (150-300 pages),NA,NA
Aus meinem Leben,Johann Wolfgang von Goethe,Biography / Autobiography,NA,NA,NA,NA,NA,NA,NA,NA,NA,NA,NA,NA
Boy,Roald Dahl,Narrative Nonfiction / nonfiction / Fiction / Biography / Autobiography,NA,NA,NA,NA,NA,NA,NA,NA,NA,Short (150-300 pages),NA,NA
On Writing,Stephen King,Science Fiction / Fiction / Horror / Biography / Autobiography,NA,NA,NA,Happy,NA,NA,NA,NA,NA,NA,NA,Science Fiction / Horror
Assata,Assata Shakur,Biography / Autobiography,NA,NA,NA,NA,NA,NA,NA,NA,NA,Medium (300-500 pages),NA,NA
Black Boy,Richard Wright,Biography / Autobiography / Fiction / Narrative Nonfiction / nonfiction,NA,NA,NA,NA,NA,NA,NA,NA,NA,NA,NA,NA
My Secret Life,Walter,Narrative Nonfiction / Science Fiction / Historical Fiction / realistic fiction / nonfiction / Fiction in Verse / Fiction / Biography / Autobiography / Poetry,NA,NA,NA,NA,NA,NA,NA,NA,NA,NA,NA,Science Fiction / Love / Romance
"Eat, Pray, Love",Elizabeth Gilbert,nonfiction / Fiction / Narrative Nonfiction / Biography / Autobiography,NA,NA,NA,NA,NA,NA,NA,NA,NA,Medium (300-500 pages),NA,NA
Autobiography of an Ex-Colored Man,James Weldon Johnson,Fiction / Narrative Nonfiction / Science Fiction / Historical Fiction / realistic fiction / nonfiction / Fiction in Verse,NA,NA,NA,NA,Action,NA,NA,NA,Historical,Very Short (< 150 pages),NA,Science Fiction / Historical / Adventure
"The Federalist, or, The New Constitution",Alexander Hamilton,Narrative Nonfiction / Science Fiction / Historical Fiction / realistic fiction / nonfiction / Fiction in Verse / Fiction / Essay,NA,NA,NA,NA,NA,NA,NA,NA,NA,Medium (300-500 pages),NA,Science Fiction / Justice / Law / Friendship / Humor
La Nuit,Elie Wiesel,Biography / Autobiography / nonfiction / Fiction / Fantasy / Science Fiction / Poetry / Drama / Essay,Dramatic,Fast,NA,NA,NA,NA,NA,NA,Nature-based / Wilderness Adventure,Very Short (< 150 pages),NA,Fantasy / Science Fiction / Grief / Loss / Social Issues
Dreams from My Father,Barack Obama,Narrative Nonfiction / nonfiction / Fiction / Biography / Autobiography,NA,NA,NA,NA,NA,NA,NA,NA,NA,NA,NA,NA
Frank Lloyd Wright,Frank Lloyd Wright,Biography / Autobiography,NA,NA,NA,NA,NA,NA,NA,NA,NA,Very Short (< 150 pages),NA,NA
Freedom in exile,His Holiness Tenzin Gyatso the XIV Dalai Lama,Biography / Autobiography,NA,NA,NA,NA,NA,NA,NA,NA,NA,NA,NA,NA
Wild Swans,Jung Chang,Biography / Autobiography / Narrative Nonfiction / Science Fiction / Historical Fiction / realistic fiction / nonfiction / Fiction in Verse / Fiction,NA,Fast,NA,NA,NA,NA,NA,NA,NA,Long (500-700 pages),NA,Family Dynamics / Science Fiction
Going Solo,Roald Dahl,Biography / Autobiography,NA,Fast,NA,NA,NA,NA,NA,NA,NA,NA,NA,NA
Philosophical essays concerning human understanding,David Hume,NA,NA,NA,NA,NA,NA,NA,NA,NA,NA,NA,NA,NA
Monster,Sanyika Shakur,Biography / Autobiography / Drama,Dramatic,NA,NA,NA,NA,NA,NA,NA,NA,Medium (300-500 pages),NA,NA
My inventions,Nikola Tesla,Biography / Autobiography,NA,NA,NA,NA,NA,NA,NA,NA,NA,Very Short (< 150 pages),NA,NA
Naked Lunch,William S. Burroughs,Narrative Nonfiction / Science Fiction / Historical Fiction / realistic fiction / nonfiction / Fiction in Verse / Fiction / Biography / Autobiography / Drama,NA,NA,Hero,NA,NA,NA,NA,NA,NA,Medium (300-500 pages),NA,Science Fiction / Humor
In my own way,Alan Watts,Biography / Autobiography,NA,NA,NA,NA,NA,NA,NA,NA,NA,Medium (300-500 pages),NA,NA
The Audacity of Hope,Barack Obama,Biography / Autobiography,NA,NA,NA,NA,NA,NA,NA,NA,NA,Medium (300-500 pages),NA,NA
"The History of Rasselas, Prince of Abyssinia",Samuel Johnson,Fiction / Narrative Nonfiction / Science Fiction / Historical Fiction / realistic fiction / nonfiction / Fiction in Verse / Poetry / Essay / Biography / Autobiography,NA,NA,NA,NA,NA,NA,NA,NA,Historical,Short (150-300 pages),NA,Science Fiction / Humor / Historical
"A child called ""it""",David J. Pelzer,Biography / Autobiography / nonfiction / Fiction,NA,NA,NA,NA,NA,NA,NA,NA,NA,Short (150-300 pages),NA,Family Dynamics
Lemony Snicket,Lemony Snicket,Fiction / Narrative Nonfiction / Science Fiction / Historical Fiction / realistic fiction / nonfiction / Fiction in Verse / Biography / Autobiography,NA,NA,NA,NA,NA,NA,NA,NA,NA,NA,NA,Humor / Science Fiction
Sailing alone around the world,Joshua Slocum,Narrative Nonfiction / nonfiction / Fiction / Biography / Autobiography,NA,NA,NA,NA,NA,NA,NA,NA,NA,Very Short (< 150 pages),NA,NA
Steve Jobs,Walter Isaacson,Biography / Autobiography / nonfiction / Fiction,NA,NA,NA,NA,NA,NA,NA,NA,NA,Long (500-700 pages),NA,NA
My autobiography,Charlie Chaplin,Biography / Autobiography,NA,NA,NA,NA,NA,NA,NA,NA,NA,Long (500-700 pages),NA,NA
Vita di Benvenuto Cellini,Benvenuto Cellini,Biography / Autobiography,NA,NA,NA,NA,NA,NA,NA,NA,NA,Medium (300-500 pages),NA,NA
The Endless Steppe,Esther Rudomin Hautzig,Biography / Autobiography / Fiction,NA,NA,NA,NA,NA,NA,NA,NA,NA,NA,NA,NA
These Happy Golden Years,Laura Ingalls Wilder,Fiction / Biography / Autobiography / nonfiction / Narrative Nonfiction / Science Fiction / Historical Fiction / realistic fiction / Fiction in Verse,NA,NA,NA,NA,NA,NA,NA,NA,Historical,Short (150-300 pages),NA,Family Dynamics / Science Fiction / Historical
"""Surely You're Joking, Mr. Feynman""",Richard Phillips Feynman,Biography / Autobiography / Science Fiction,NA,NA,NA,NA,NA,NA,NA,NA,NA,NA,NA,Humor / Science Fiction
Poems,Elizabeth Barrett Browning,Poetry,NA,NA,NA,NA,NA,NA,NA,NA,NA,NA,NA,NA
The story of my life,Helen Keller,Biography / Autobiography / Narrative Nonfiction / Science Fiction / Historical Fiction / realistic fiction / nonfiction / Fiction in Verse / Fiction,NA,NA,NA,NA,NA,NA,NA,NA,NA,Short (150-300 pages),NA,Science Fiction
My life and work,"Ford, Henry",Biography / Autobiography / Narrative Nonfiction / nonfiction / Fiction,NA,NA,NA,NA,NA,NA,NA,NA,NA,Short (150-300 pages),NA,NA
Two years before the mast,Richard Henry Dana,Biography / Autobiography / Narrative Nonfiction / Science Fiction / Historical Fiction / realistic fiction / nonfiction / Fiction in Verse / Fiction,Grim,NA,NA,NA,Action,NA,NA,NA,NA,NA,NA,Science Fiction / Adventure
Nigger,Dick Gregory,Biography / Autobiography,NA,NA,NA,NA,NA,NA,NA,NA,NA,NA,NA,Humor
Cider with Rosie,Laurie Lee,Biography / Autobiography,NA,NA,NA,NA,NA,NA,NA,NA,NA,NA,NA,NA
Endurance,Alfred Lansing,Biography / Autobiography / nonfiction / Fiction,NA,NA,NA,NA,NA,NA,NA,NA,NA,NA,NA,Adventure
"Diana, Her True Story",Andrew Morton,Biography / Autobiography,NA,NA,NA,NA,NA,NA,NA,NA,NA,NA,NA,NA
Final Truth,Pee Wee Gaskins,Fiction,NA,NA,NA,NA,NA,NA,NA,NA,NA,Short (150-300 pages),NA,NA
Longitude,Dava Sobel,Biography / Autobiography / Narrative Nonfiction / nonfiction / Fiction / Science Fiction,NA,NA,NA,NA,NA,NA,NA,NA,NA,Short (150-300 pages),NA,Science Fiction
Diarios de Motocicleta,Che Guevara,Biography / Autobiography,NA,NA,NA,NA,NA,NA,NA,NA,NA,Short (150-300 pages),NA,Adventure
Grace abounding to the chief of sinners,John Bunyan,Biography / Autobiography / Narrative Nonfiction / Science Fiction / Historical Fiction / realistic fiction / nonfiction / Fiction in Verse / Fiction,Grim,NA,NA,NA,NA,NA,NA,NA,NA,Short (150-300 pages),NA,Redemption / Science Fiction
Pygmalion,George Bernard Shaw,Drama / Speech,Dramatic,NA,NA,NA,NA,NA,NA,NA,NA,NA,NA,NA
Sparkling Cyanide,Agatha Christie,Fiction / Narrative Nonfiction / Science Fiction / Historical Fiction / realistic fiction / nonfiction / Fiction in Verse / Mystery,NA,NA,NA,NA,NA,NA,NA,NA,NA,NA,NA,Science Fiction
A Doll's House,Henrik Ibsen,Drama / Fiction,Dramatic,NA,NA,NA,NA,NA,NA,NA,NA,Very Short (< 150 pages),NA,NA
The Secret Agent,Joseph Conrad,Fiction / Drama / Science Fiction / Mystery / Historical Fiction / Fantasy / Narrative Nonfiction / realistic fiction / nonfiction / Fiction in Verse,Dramatic / Suspenseful / Playful,NA,NA,NA,NA,NA,NA,NA,Historical / Fantasy Realms,Short (150-300 pages),NA,Political / Philosophical / Science Fiction / Historical / Fantasy
Murder in Three Acts,Agatha Christie,Narrative Nonfiction / Science Fiction / Historical Fiction / realistic fiction / nonfiction / Fiction in Verse / Fiction / Mystery,NA,NA,NA,NA,NA,NA,NA,NA,NA,NA,NA,Science Fiction / Mystery / Thriller
The moving finger,Agatha Christie,Narrative Nonfiction / Science Fiction / Historical Fiction / realistic fiction / nonfiction / Fiction in Verse / Fiction / Mystery,NA,NA,NA,NA,NA,NA,NA,NA,NA,Short (150-300 pages),NA,Science Fiction / Mystery / Thriller
Peril at End House,Agatha Christie,Mystery / Narrative Nonfiction / Science Fiction / Historical Fiction / realistic fiction / nonfiction / Fiction in Verse / Fiction,NA,NA,NA,NA,NA,NA,NA,NA,NA,NA,NA,Science Fiction / Mystery / Thriller
Hercule Poirot's Christmas,Agatha Christie,Narrative Nonfiction / Science Fiction / Historical Fiction / realistic fiction / nonfiction / Fiction in Verse / Fiction / Mystery,NA,NA,NA,NA,NA,NA,NA,NA,NA,NA,NA,Science Fiction / Mystery / Thriller
Elephants Can Remember,Agatha Christie,Narrative Nonfiction / Science Fiction / Historical Fiction / realistic fiction / nonfiction / Fiction in Verse / Fiction / Mystery,NA,NA,NA,NA,NA,NA,NA,NA,NA,NA,NA,Science Fiction / Mystery / Thriller
Uncle Tom's Cabin,Harriet Beecher Stowe,Narrative Nonfiction / Science Fiction / Historical Fiction / realistic fiction / nonfiction / Fiction in Verse / Fiction,NA,NA,NA,NA,NA,NA,NA,NA,Historical,Very Short (< 150 pages),NA,Science Fiction / Historical / Love / Romance
Faust,Johann Wolfgang von Goethe,Drama / Fiction / mythology / Poetry,Dramatic,NA,NA,NA,NA,NA,NA,NA,NA,Long (500-700 pages),NA,Redemption
The Merchant of Venice,William Shakespeare,Drama / Narrative Nonfiction / Science Fiction / Historical Fiction / realistic fiction / nonfiction / Fiction in Verse / Fiction,Dramatic,NA,NA,NA,NA,NA,NA,NA,NA,Short (150-300 pages),NA,Science Fiction / Humor
"The Alchemist, 1612",Ben Jonson,Drama / Narrative Nonfiction / Science Fiction / Historical Fiction / realistic fiction / nonfiction / Fiction in Verse / Fiction,Dramatic,NA,NA,NA,NA,NA,NA,NA,NA,NA,NA,Science Fiction
The Woman in White,Wilkie Collins,Narrative Nonfiction / Science Fiction / Historical Fiction / realistic fiction / nonfiction / Fiction in Verse / Fiction / Mystery,NA,NA,NA,NA,NA,NA,NA,NA,Historical,NA,NA,Science Fiction / Historical
Much Ado About Nothing,William Shakespeare,Drama / Narrative Nonfiction / Science Fiction / Historical Fiction / realistic fiction / nonfiction / Fiction in Verse / Fiction,Dramatic,NA,Hero / Antihero,NA,NA,NA,NA,NA,NA,NA,NA,Science Fiction / Humor
"Works [37 plays, 6 poems, sonnets]",William Shakespeare,Drama / Poetry / Fiction / Narrative Nonfiction / Science Fiction / Historical Fiction / realistic fiction / nonfiction / Fiction in Verse / Biography / Autobiography / Legend,Dramatic / Playful,NA,Hero / Antihero,Sad,NA,NA,NA,Love them,NA,NA,NA,Science Fiction / Survival / Love / Romance
Antony and Cleopatra,William Shakespeare,Drama / Narrative Nonfiction / Science Fiction / Historical Fiction / realistic fiction / nonfiction / Fiction in Verse / Fiction,Dramatic / Romantic,Fast,NA,NA,NA,NA,NA,NA,Historical,NA,NA,Science Fiction / Historical / Love / Romance
All's Well That Ends Well,William Shakespeare,Drama / Narrative Nonfiction / Science Fiction / Historical Fiction / realistic fiction / nonfiction / Fiction in Verse / Fiction,Dramatic,NA,NA,NA,NA,NA,NA,NA,NA,NA,NA,Science Fiction
The Curious Incident of the Dog in the Night-Time,Mark Haddon,Fiction / Mystery / Narrative Nonfiction / Science Fiction / Historical Fiction / realistic fiction / nonfiction / Fiction in Verse / Drama,Gripping / Uplifting / Sincere / Dramatic,NA,Supporting Protagonist,NA,NA,NA,NA,Love them,depends on the plot / Otherworldly / Parallel Universes / Modern-Day / Contemporary Settings,Short (150-300 pages),Experimental or Non-Linear,Science Fiction / Coming of Age / Training & Dedication / Inspiration from Athletes / Mystery / Thriller
A Clockwork Orange,Anthony Burgess,Fiction / Science Fiction / Narrative Nonfiction / Historical Fiction / realistic fiction / nonfiction / Fiction in Verse / Drama,Dramatic,NA,NA,NA,NA,NA,NA,NA,NA,Short (150-300 pages),NA,Science Fiction / Adventure / Teamwork & Competition
The Taming of the Shrew,William Shakespeare,Drama / Narrative Nonfiction / nonfiction / Fiction,Dramatic,NA,NA,NA,NA,NA,NA,NA,NA,NA,NA,NA
Twelfth Night,William Shakespeare,Drama / Fiction / Narrative Nonfiction / Science Fiction / Historical Fiction / realistic fiction / nonfiction / Fiction in Verse,Dramatic,NA,NA,NA,NA,NA,NA,NA,NA,NA,NA,Survival / Science Fiction
Man and Superman,George Bernard Shaw,Drama,Dramatic,NA,NA,NA,NA,NA,NA,NA,NA,NA,NA,NA
Julius Caesar,William Shakespeare,Biography / Autobiography / Drama / Narrative Nonfiction / Science Fiction / Historical Fiction / realistic fiction / nonfiction / Fiction in Verse / Fiction,Dramatic / Romantic,NA,NA,NA,NA,NA,NA,NA,NA,Very Short (< 150 pages),NA,Science Fiction / Love / Romance
As You Like It,William Shakespeare,Drama / Narrative Nonfiction / Science Fiction / Historical Fiction / realistic fiction / nonfiction / Fiction in Verse / Fiction,Dramatic,NA,NA,NA,NA,NA,NA,Love them,NA,Very Short (< 150 pages),NA,Science Fiction / Love / Romance
It Can't Happen Here,Sinclair Lewis,Narrative Nonfiction / Science Fiction / Historical Fiction / realistic fiction / nonfiction / Fiction in Verse / Fiction / Drama,Dramatic,NA,NA,NA,NA,NA,NA,NA,Historical,Medium (300-500 pages),NA,Science Fiction / Historical
Crooked House,Agatha Christie,Mystery / Narrative Nonfiction / Science Fiction / Historical Fiction / realistic fiction / nonfiction / Fiction in Verse / Fiction / Drama,Dramatic,NA,NA,NA,NA,NA,NA,NA,NA,NA,NA,Mystery / Thriller / Science Fiction
The Godfather,Mario Puzo,Mystery / Narrative Nonfiction / Science Fiction / Historical Fiction / realistic fiction / nonfiction / Fiction in Verse / Fiction / Drama,Dramatic,NA,NA,NA,NA,NA,NA,NA,NA,NA,NA,Science Fiction / Love / Romance
Die Leiden des jungen Werthers,Johann Wolfgang von Goethe,Fiction / Narrative Nonfiction / Science Fiction / Historical Fiction / realistic fiction / nonfiction / Fiction in Verse / Poetry / Drama,Dramatic,NA,NA,NA,NA,NA,NA,NA,NA,NA,NA,Science Fiction
The BFG,Roald Dahl,Narrative Nonfiction / Science Fiction / Historical Fiction / realistic fiction / nonfiction / Fiction in Verse / Fiction / Fantasy / short story / Drama,NA,NA,NA,NA,NA,NA,NA,NA,Fantasy Realms / Nature-based / Wilderness Adventure,NA,NA,Science Fiction / Fantasy / Humor / Adventure / Friendship
Rebecca,Daphne du Maurier,Narrative Nonfiction / Science Fiction / Historical Fiction / realistic fiction / nonfiction / Fiction in Verse / Fiction / Drama / Folklore,Dramatic,NA,NA,NA,NA,NA,NA,Love them,NA,NA,NA,Science Fiction / Love / Romance
The Man Who Was Thursday,Gilbert Keith Chesterton,Narrative Nonfiction / Science Fiction / Historical Fiction / realistic fiction / nonfiction / Fiction in Verse / Fiction / Mystery / Fantasy / Drama,Dramatic,NA,NA,NA,NA,NA,NA,NA,NA,Medium (300-500 pages),NA,Science Fiction / Fantasy / Mystery / Thriller
The Railway Children,Edith Nesbit,Narrative Nonfiction / Science Fiction / Historical Fiction / realistic fiction / nonfiction / Fiction in Verse / Fiction / Drama,Dramatic,NA,NA,NA,NA,NA,NA,NA,Historical,Short (150-300 pages),NA,Family Dynamics / Science Fiction / Adventure / Historical
La Peste,Albert Camus,Narrative Nonfiction / Science Fiction / Historical Fiction / realistic fiction / nonfiction / Fiction in Verse / Fiction / Drama,Dramatic,NA,NA,NA,NA,NA,NA,NA,NA,Medium (300-500 pages),NA,Science Fiction
Angels & Demons,Dan Brown,Narrative Nonfiction / Science Fiction / Historical Fiction / realistic fiction / nonfiction / Fiction in Verse / Fiction / Mystery / Drama,Suspenseful,NA,NA,NA,Action,NA,NA,NA,NA,Epic (700+ pages),NA,Science Fiction / Adventure
Daisy Miller,Henry James,Narrative Nonfiction / Science Fiction / Historical Fiction / realistic fiction / nonfiction / Fiction in Verse / Fiction / Drama / Horror,Dramatic,NA,NA,NA,NA,NA,NA,NA,Historical,Very Short (< 150 pages),NA,Science Fiction / Historical / Love / Romance / Adventure / Horror
Gone With the Wind,Margaret Mitchell,Historical Fiction / Fiction / Narrative Nonfiction / Science Fiction / realistic fiction / nonfiction / Fiction in Verse / Drama,Dramatic,Fast,NA,NA,NA,NA,NA,NA,Historical,Epic (700+ pages),NA,Survival / Historical / Science Fiction
Harry Potter and the Goblet of Fire,J. K. Rowling,Narrative Nonfiction / Science Fiction / Historical Fiction / realistic fiction / nonfiction / Fiction in Verse / Fiction / Fantasy / Drama / Mystery,Dramatic,NA,NA,NA,Action,NA,NA,NA,Fantasy Realms,NA,NA,Sports / Science Fiction / Family Dynamics / Fantasy / Friendship / Adventure
Cranford,Elizabeth Cleghorn Gaskell,Narrative Nonfiction / Science Fiction / Historical Fiction / realistic fiction / nonfiction / Fiction in Verse / Fiction / Drama,Dramatic,NA,NA,NA,NA,NA,NA,NA,NA,NA,NA,Science Fiction / Friendship / Love / Romance
Hard Times,Charles Dickens,Narrative Nonfiction / Science Fiction / Historical Fiction / realistic fiction / nonfiction / Fiction in Verse / Fiction / Drama,Dramatic,NA,NA,NA,NA,NA,NA,NA,NA,NA,NA,Science Fiction
A Portrait of the Artist as a Young Man,James Joyce,Narrative Nonfiction / Science Fiction / Historical Fiction / realistic fiction / nonfiction / Fiction in Verse / Fiction,NA,NA,NA,NA,NA,NA,NA,NA,NA,Short (150-300 pages),NA,Science Fiction / Coming of Age
The House of Mirth,Edith Wharton,Narrative Nonfiction / Science Fiction / Historical Fiction / realistic fiction / nonfiction / Fiction in Verse / Fiction / Drama,Dramatic / Romantic,NA,NA,NA,NA,NA,NA,NA,Historical,NA,NA,Science Fiction / Love / Romance / Historical
Essay concerning human understanding,John Locke,NA,NA,NA,NA,NA,NA,NA,NA,NA,NA,NA,NA,NA
Essays,Francis Bacon,mythology / Essay / Science Fiction / Narrative Nonfiction / Historical Fiction / realistic fiction / nonfiction / Fiction in Verse / Fiction,NA,NA,NA,NA,NA,NA,NA,NA,NA,Short (150-300 pages),NA,Science Fiction
Essais,"Montaigne, Michel de",Essay,NA,NA,NA,NA,NA,NA,NA,NA,NA,Epic (700+ pages),NA,NA
???? ? ????,Ivan Sergeevich Turgenev,Narrative Nonfiction / Science Fiction / Historical Fiction / realistic fiction / nonfiction / Fiction in Verse / Fiction,NA,NA,NA,NA,NA,NA,NA,NA,Historical,NA,NA,Science Fiction / Historical
A Study of History,Arnold J. Toynbee,NA,NA,NA,NA,NA,NA,NA,NA,NA,Historical,Long (500-700 pages),NA,Historical
The Turn of the Screw,Henry James,Fiction / Fantasy / Horror / Narrative Nonfiction / Science Fiction / Historical Fiction / realistic fiction / nonfiction / Fiction in Verse,NA,NA,NA,NA,NA,NA,NA,NA,NA,NA,NA,Fantasy / Horror / Science Fiction / Adventure
Nicomachean Ethics,Aristotle,NA,NA,NA,NA,NA,NA,NA,NA,NA,NA,Short (150-300 pages),NA,Friendship
"Works [37 plays, 6 poems, sonnets]",William Shakespeare,Drama / Poetry / Fiction / Narrative Nonfiction / Science Fiction / Historical Fiction / realistic fiction / nonfiction / Fiction in Verse / Biography / Autobiography / Legend,Dramatic / Playful,NA,Hero / Antihero,Sad,NA,NA,NA,Love them,NA,NA,NA,Science Fiction / Survival / Love / Romance
The Canterbury Tales,Geoffrey Chaucer,Poetry / Narrative Nonfiction / Science Fiction / Historical Fiction / realistic fiction / nonfiction / Fiction in Verse / Fiction / Drama / Biography / Autobiography,Grim / Dramatic,NA,NA,NA,NA,NA,NA,NA,NA,NA,NA,Science Fiction
Orthodoxy,Gilbert Keith Chesterton,Narrative Nonfiction / nonfiction / Fiction / Essay,NA,NA,NA,NA,NA,NA,NA,NA,NA,Short (150-300 pages),NA,NA
The Return of the Native,Thomas Hardy,Fiction / Narrative Nonfiction / Science Fiction / Historical Fiction / realistic fiction / nonfiction / Fiction in Verse,NA,NA,NA,NA,NA,NA,NA,NA,NA,Very Short (< 150 pages),NA,Love / Romance / Science Fiction
Ethan Frome,Edith Wharton,Fiction / Narrative Nonfiction / Science Fiction / Historical Fiction / realistic fiction / nonfiction / Fiction in Verse,NA,NA,NA,NA,NA,NA,NA,Love them,Historical,Very Short (< 150 pages),NA,Science Fiction / Love / Romance / Historical
War and Peace,??? ???????,Narrative Nonfiction / Science Fiction / Historical Fiction / realistic fiction / nonfiction / Fiction in Verse / Fiction,NA,Fast,NA,NA,NA,NA,NA,NA,Historical,Short (150-300 pages),NA,Science Fiction / Historical
"The Alchemist, 1612",Ben Jonson,Drama / Narrative Nonfiction / Science Fiction / Historical Fiction / realistic fiction / nonfiction / Fiction in Verse / Fiction,Dramatic,NA,NA,NA,NA,NA,NA,NA,NA,NA,NA,Science Fiction
As a man thinketh,James Allen,Narrative Nonfiction / Science Fiction / Historical Fiction / realistic fiction / nonfiction / Fiction in Verse / Fiction,NA,NA,NA,NA,NA,NA,NA,NA,NA,Very Short (< 150 pages),NA,Science Fiction
Brave New World,Aldous Huxley,Narrative Nonfiction / Science Fiction / Historical Fiction / realistic fiction / nonfiction / Fiction in Verse / Fiction,NA,NA,NA,NA,NA,NA,NA,NA,Dystopian / Post apocalyptic / Nature-based / Wilderness Adventure / Futuristic / Sci-Fi Worlds,Short (150-300 pages),NA,Science Fiction
Tender is the Night,F. Scott Fitzgerald,Narrative Nonfiction / Science Fiction / Historical Fiction / realistic fiction / nonfiction / Fiction in Verse / Fiction / short story,NA,NA,NA,NA,NA,NA,NA,NA,Historical,NA,NA,Science Fiction / Historical
Howards End,Edward Morgan Forster,Narrative Nonfiction / Science Fiction / Historical Fiction / realistic fiction / nonfiction / Fiction in Verse / Fiction,NA,NA,NA,NA,NA,NA,NA,NA,Historical,NA,NA,Science Fiction / Historical / Love / Romance
Meditations,Marcus Aurelius,Narrative Nonfiction / Science Fiction / Historical Fiction / realistic fiction / nonfiction / Fiction in Verse / Fiction,NA,NA,NA,NA,NA,NA,NA,NA,Big cities / Urban Life / Historical,NA,NA,Science Fiction / Historical
The Grapes of Wrath,John Steinbeck,Narrative Nonfiction / Science Fiction / Historical Fiction / realistic fiction / nonfiction / Fiction in Verse / Fiction,NA,NA,NA,NA,NA,NA,NA,NA,Historical,NA,NA,Science Fiction / Historical
A Vindication of Rights of Woman,Mary Wollstonecraft,Fiction,NA,NA,NA,NA,NA,NA,NA,NA,NA,NA,NA,NA
The Sayings of Lao Tzu?,Laozi,Narrative Nonfiction / Science Fiction / Historical Fiction / realistic fiction / nonfiction / Fiction in Verse / Fiction,NA,NA,NA,NA,NA,NA,NA,NA,NA,NA,NA,Science Fiction
Du contrat social,Jean-Jacques Rousseau,Narrative Nonfiction / Science Fiction / Historical Fiction / realistic fiction / nonfiction / Fiction in Verse / Fiction / Essay,NA,NA,NA,NA,NA,NA,NA,NA,NA,NA,NA,Science Fiction / Political / Philosophical
Tess of the d'Urbervilles,Thomas Hardy,Narrative Nonfiction / Science Fiction / Historical Fiction / realistic fiction / nonfiction / Fiction in Verse / Fiction,NA,NA,NA,NA,NA,NA,NA,NA,NA,Long (500-700 pages),NA,Science Fiction
Der Zauberberg,Thomas Mann,Narrative Nonfiction / Science Fiction / Historical Fiction / realistic fiction / nonfiction / Fiction in Verse / Fiction,NA,NA,NA,NA,NA,NA,NA,NA,NA,NA,NA,Science Fiction / Coming of Age
Vom Kriege,Carl von Clausewitz,Narrative Nonfiction / nonfiction / Fiction,NA,NA,NA,NA,Action,NA,NA,NA,NA,Very Short (< 150 pages),Concise & Straightforward,NA
Book of common prayer,Church of England,NA,NA,NA,NA,NA,NA,NA,NA,NA,NA,Medium (300-500 pages),NA,NA
History of the Peloponnesian War,Thucydides,NA,NA,Fast,NA,NA,NA,NA,NA,NA,NA,Medium (300-500 pages),NA,NA
Ivanhoe,Sir Walter Scott,Narrative Nonfiction / Science Fiction / Historical Fiction / realistic fiction / nonfiction / Fiction in Verse / Fiction,NA,NA,NA,Sad,NA,NA,NA,NA,Historical,NA,NA,Science Fiction / Historical
Aesop's Fables,Aesop,Fable / Folklore / Fiction,NA,NA,NA,NA,NA,NA,NA,NA,NA,Short (150-300 pages),NA,NA
Age of fable,Thomas Bulfinch,Folklore / mythology / Narrative Nonfiction / Science Fiction / Historical Fiction / realistic fiction / nonfiction / Fiction in Verse / Fiction / Legend,NA,NA,Hero,NA,NA,NA,NA,NA,NA,Epic (700+ pages),NA,Science Fiction
Fables,Jean de La Fontaine,Fable / Poetry / Narrative Nonfiction / Science Fiction / Historical Fiction / realistic fiction / nonfiction / Fiction in Verse / Fiction,NA,NA,NA,NA,NA,NA,NA,NA,NA,Very Short (< 150 pages),NA,Science Fiction
The Alchemist,Paulo Coelho,Narrative Nonfiction / Science Fiction / Historical Fiction / realistic fiction / nonfiction / Fiction in Verse / Fiction / Fable / Fantasy,NA,NA,NA,NA,NA,NA,NA,NA,NA,NA,NA,Science Fiction / Fantasy
The Boy in the Striped Pyjamas,John Boyne,Fiction / Historical Fiction / Narrative Nonfiction / Science Fiction / realistic fiction / nonfiction / Fiction in Verse,NA,NA,NA,NA,NA,NA,NA,NA,Historical / Nature-based / Wilderness Adventure,NA,NA,Historical / Social Issues / Adventure / Science Fiction / Friendship
Le avventure di Pinocchio,Carlo Collodi,Fantasy / Narrative Nonfiction / Science Fiction / Historical Fiction / realistic fiction / nonfiction / Fiction in Verse / Fiction / Fairy Tale / Folklore,NA,NA,NA,NA,NA,NA,NA,NA,Fantasy Realms,Very Short (< 150 pages),NA,Fantasy / Science Fiction / Adventure / Humor / Friendship
Fairy Tales and Stories,Hans Christian Andersen,Fairy Tale / Fiction / Folklore / Fantasy / Fable,NA,NA,NA,NA,NA,NA,NA,NA,NA,NA,NA,Fantasy
Flower Fables,Louisa May Alcott,Fairy Tale / Poetry / Narrative Nonfiction / Science Fiction / Historical Fiction / realistic fiction / nonfiction / Fiction in Verse / Fiction / Folklore,NA,NA,NA,NA,NA,NA,NA,NA,NA,NA,NA,Science Fiction
Marc Chagall,Marc Chagall,Biography / Autobiography / mythology,NA,NA,NA,NA,NA,NA,NA,NA,NA,Very Short (< 150 pages),NA,NA
A Wonder Book for Girls and Boys,Nathaniel Hawthorne,mythology / Fairy Tale,NA,NA,NA,NA,NA,NA,NA,NA,NA,Short (150-300 pages),NA,NA
The Lightning Thief,Rick Riordan,Narrative Nonfiction / Science Fiction / Historical Fiction / realistic fiction / nonfiction / Fiction in Verse / Fiction / mythology / Fantasy / Comic / Legend / Fable / Fairy Tale / Mystery / Horror,NA,NA,NA,NA,Action,NA,NA,NA,Fantasy Realms,Medium (300-500 pages),NA,Science Fiction / Friendship / Fantasy / Adventure / Horror
Fantastic Fables,Ambrose Bierce,Narrative Nonfiction / Science Fiction / Historical Fiction / realistic fiction / nonfiction / Fiction in Verse / Fiction / Fable,NA,NA,NA,NA,NA,NA,NA,NA,NA,NA,NA,Science Fiction
Unicorn Coloring Book,kids M. shop notebook,NA,NA,NA,NA,NA,NA,NA,NA,NA,NA,NA,NA,NA
Make Way for Ducklings,Robert McCloskey,Fiction / Narrative Nonfiction / Science Fiction / Historical Fiction / realistic fiction / nonfiction / Fiction in Verse / Legend / Fable,NA,NA,NA,NA,NA,NA,NA,NA,NA,NA,NA,Science Fiction / Family Dynamics
The Sea of Monsters,Rick Riordan,Narrative Nonfiction / Science Fiction / Historical Fiction / realistic fiction / nonfiction / Fiction in Verse / Fiction / Fantasy / mythology / Legend / Fable,Suspenseful,NA,NA,NA,Action,NA,NA,NA,Fantasy Realms,Short (150-300 pages),NA,Science Fiction / Fantasy / Friendship / Adventure
The Chronicles of Narnia,C.S. Lewis,Fantasy / Fiction / Narrative Nonfiction / Science Fiction / Historical Fiction / realistic fiction / nonfiction / Fiction in Verse / Fairy Tale / Legend / Fable,Grim,NA,NA,NA,Action,NA,NA,NA,Fantasy Realms,NA,NA,Fantasy / Science Fiction / Adventure / Friendship
Libro de buen amor,Juan Ruiz,Poetry / Fable / Fiction,NA,NA,NA,NA,NA,NA,NA,NA,NA,NA,NA,NA
Blueback,Tim Winton,Narrative Nonfiction / Science Fiction / Historical Fiction / realistic fiction / nonfiction / Fiction in Verse / Fiction / Fable,NA,NA,NA,NA,NA,NA,NA,NA,NA,NA,NA,Science Fiction
The Thief of Always,Clive Barker,Fiction / Fantasy / Horror / Comic,NA,NA,NA,NA,NA,NA,NA,NA,Fantasy Realms,Short (150-300 pages),NA,Fantasy / Horror
The Second Jungle Book,Rudyard Kipling,Narrative Nonfiction / Science Fiction / Historical Fiction / realistic fiction / nonfiction / Fiction in Verse / Fiction / Legend / Folklore / Fable / Biography / Autobiography,NA,NA,NA,NA,Action,NA,NA,NA,NA,NA,NA,Science Fiction / Adventure
Artemis Fowl and the Arctic Incident,Eoin Colfer,Science Fiction / Fiction / Narrative Nonfiction / Historical Fiction / realistic fiction / nonfiction / Fiction in Verse / Fantasy / Legend / Fable,NA,NA,NA,NA,Action,NA,NA,NA,Fantasy Realms,NA,NA,Science Fiction / Fantasy / Adventure
The Last Hero,Terry Pratchett,Narrative Nonfiction / Science Fiction / Historical Fiction / realistic fiction / nonfiction / Fiction in Verse / Fiction / Fantasy,NA,NA,NA,NA,NA,NA,NA,NA,NA,NA,NA,Science Fiction / Fantasy
The Kreutzer sonata and other stories,??? ???????,Fiction,NA,NA,NA,NA,NA,NA,NA,NA,NA,Very Short (< 150 pages),NA,NA
The Titan's Curse,Rick Riordan,Fiction / Narrative Nonfiction / Science Fiction / Historical Fiction / realistic fiction / nonfiction / Fiction in Verse / mythology / Fantasy / Legend / Fable,NA,NA,NA,NA,NA,NA,NA,NA,Fantasy Realms,Medium (300-500 pages),NA,Science Fiction / Fantasy
Great Illustrated Classics Aesops Fables,Aesop,NA,NA,NA,NA,NA,NA,NA,NA,NA,NA,NA,NA,NA
The Red Pyramid,Rick Riordan,Narrative Nonfiction / Science Fiction / Historical Fiction / realistic fiction / nonfiction / Fiction in Verse / Fiction / mythology / Fantasy / Legend / Fable,NA,NA,NA,Sad,Action,NA,NA,NA,Otherworldly / Parallel Universes,Long (500-700 pages),NA,Science Fiction / Fantasy / Adventure
The Princess and the Goblin,George MacDonald,Fairy Tale / Narrative Nonfiction / Science Fiction / Historical Fiction / realistic fiction / nonfiction / Fiction in Verse / Fiction,NA,NA,NA,NA,NA,NA,NA,NA,NA,NA,NA,Science Fiction
Ella Minnow Pea,Mark Dunn,Fable / Narrative Nonfiction / Science Fiction / Historical Fiction / realistic fiction / nonfiction / Fiction in Verse / Fiction / Fantasy,NA,NA,NA,NA,NA,NA,NA,NA,Fantasy Realms,Short (150-300 pages),NA,Science Fiction / Fantasy / Humor
True to the Game,Teri Woods,Narrative Nonfiction / Science Fiction / Historical Fiction / realistic fiction / nonfiction / Fiction in Verse / Fiction / Drama,Dramatic,NA,NA,NA,NA,NA,NA,NA,NA,NA,NA,Science Fiction
Houghton Mifflin Vocabulary Readers,Houghton Mifflin Company Staff,NA,NA,NA,NA,NA,NA,NA,NA,NA,NA,NA,NA,NA
La Petite Sirene (French Well Loved Tales),Hans Christian Andersen,Fairy Tale / Narrative Nonfiction / Science Fiction / Historical Fiction / realistic fiction / nonfiction / Fiction in Verse / Fiction / Folklore / Fable / Fantasy / Drama,Dramatic,NA,NA,NA,NA,NA,NA,NA,Fantasy Realms,Very Short (< 150 pages),NA,Science Fiction / Fantasy
The monk who sold his Ferrari,Robin S. Sharma,Narrative Nonfiction / Science Fiction / Historical Fiction / realistic fiction / nonfiction / Fiction in Verse / Fiction / Fable,NA,NA,NA,NA,NA,NA,NA,NA,NA,Short (150-300 pages),NA,Science Fiction / Family Dynamics
The light princess,George MacDonald,Fiction / Fairy Tale / Fable,NA,NA,NA,NA,NA,NA,NA,NA,NA,Very Short (< 150 pages),NA,NA
The Hidden Oracle,Rick Riordan,mythology / Fiction / Narrative Nonfiction / Science Fiction / Historical Fiction / realistic fiction / nonfiction / Fiction in Verse / Fantasy / Legend / Fable,NA,NA,NA,NA,Action,NA,NA,NA,NA,Medium (300-500 pages),NA,Science Fiction / Adventure / Fantasy
The Mark of Athena,Rick Riordan,mythology / Fiction / Narrative Nonfiction / Science Fiction / Historical Fiction / realistic fiction / nonfiction / Fiction in Verse / Fantasy / Legend / Fable,NA,NA,NA,NA,Action,NA,NA,NA,Otherworldly / Parallel Universes / Fantasy Realms,NA,NA,Adventure / Science Fiction / Fantasy
Roman de la Rose,Guillaume de Lorris,Poetry,NA,NA,NA,NA,NA,NA,NA,NA,NA,NA,NA,NA
The House of Hades,Rick Riordan,mythology / Fiction / Narrative Nonfiction / Science Fiction / Historical Fiction / realistic fiction / nonfiction / Fiction in Verse / Fantasy / Legend / Fable,NA,NA,Hero,NA,Action,NA,NA,NA,NA,NA,NA,Adventure / Science Fiction / Fantasy / Humor
Novelas ejemplares,Miguel de Cervantes Saavedra,Fiction / Narrative Nonfiction / Science Fiction / Historical Fiction / realistic fiction / nonfiction / Fiction in Verse,NA,NA,NA,NA,NA,NA,NA,NA,NA,NA,NA,Science Fiction
Season of Mists,Neil Gaiman,Narrative Nonfiction / Science Fiction / Historical Fiction / realistic fiction / nonfiction / Fiction in Verse / Fiction / Comic / Horror / Fantasy / Legend,NA,NA,NA,NA,NA,NA,NA,NA,NA,NA,NA,Science Fiction / Horror / Fantasy
Animal Farm / Nineteen Eighty-Four,George Orwell,Narrative Nonfiction / Science Fiction / Historical Fiction / realistic fiction / nonfiction / Fiction in Verse / Fiction / Fable / Fantasy,NA,NA,NA,NA,NA,NA,NA,NA,Fantasy Realms,Medium (300-500 pages),NA,Science Fiction / Fantasy
The Throne of Fire,Rick Riordan,mythology / Narrative Nonfiction / Science Fiction / Historical Fiction / realistic fiction / nonfiction / Fiction in Verse / Fiction / Fantasy / Legend / Fable / Comic,NA,NA,NA,Sad,Action,NA,NA,NA,Fantasy Realms / Otherworldly / Parallel Universes,NA,NA,Adventure / Science Fiction / Fantasy
The Blood of Olympus,Rick Riordan,mythology / Fiction / Narrative Nonfiction / Science Fiction / Historical Fiction / realistic fiction / nonfiction / Fiction in Verse / Fantasy / Legend / Fable,NA,NA,NA,NA,Action,NA,NA,NA,NA,Long (500-700 pages),NA,Science Fiction / Fantasy / Adventure
Fables & Reflections,Neil Gaiman,Comic / Fantasy / mythology / Fairy Tale / Fable,NA,NA,NA,NA,NA,NA,NA,NA,Fantasy Realms,Short (150-300 pages),NA,Fantasy
The Serpent's Shadow,Rick Riordan,mythology / Narrative Nonfiction / Science Fiction / Historical Fiction / realistic fiction / nonfiction / Fiction in Verse / Fiction / Fantasy / Comic / Legend / Fable,NA,NA,NA,Sad,Action,NA,NA,NA,NA,Medium (300-500 pages),NA,Adventure / Science Fiction / Fantasy
The choice,Russell D Roberts,NA,NA,NA,NA,NA,NA,NA,NA,NA,NA,Very Short (< 150 pages),NA,NA
Walter the baker,Eric Carle,Fiction / Narrative Nonfiction / Science Fiction / Historical Fiction / realistic fiction / nonfiction / Fiction in Verse / Legend / Fable,NA,NA,NA,NA,NA,NA,NA,NA,NA,NA,NA,Science Fiction
Tithe,Holly Black,Narrative Nonfiction / Science Fiction / Historical Fiction / realistic fiction / nonfiction / Fiction in Verse / Fiction / Fantasy / Legend / Fable,NA,NA,NA,NA,NA,NA,NA,NA,Fantasy Realms,NA,NA,Science Fiction / Fantasy
Where the Mountain Meets the Moon,Grace Lin,Fantasy / Fiction / Fairy Tale / Narrative Nonfiction / Science Fiction / Historical Fiction / realistic fiction / nonfiction / Fiction in Verse / Folklore / Legend / Fable,NA,NA,NA,NA,NA,NA,NA,NA,Fantasy Realms / Historical,NA,NA,Fantasy / Science Fiction / Adventure / Historical
Children of Blood and Bone,Tomi Adeyemi,Legend / Fable / Fiction / Narrative Nonfiction / Science Fiction / Historical Fiction / realistic fiction / nonfiction / Fiction in Verse / Fantasy,NA,NA,NA,NA,NA,NA,NA,NA,Fantasy Realms / Futuristic / Sci-Fi Worlds,Long (500-700 pages),NA,Science Fiction / Fantasy
Percy Jackson's Greek Gods,Rick Riordan,Fiction / Legend / Fable / Fairy Tale / Folklore / Narrative Nonfiction / Science Fiction / Historical Fiction / realistic fiction / nonfiction / Fiction in Verse / mythology / Fantasy,NA,NA,NA,NA,NA,NA,NA,NA,NA,NA,NA,Science Fiction / Adventure / Fantasy
Dr.Seuss's Fabulous Fables (Dr Seuss),Dr. Seuss,Narrative Nonfiction / Science Fiction / Historical Fiction / realistic fiction / nonfiction / Fiction in Verse / Fiction,NA,NA,NA,NA,NA,NA,NA,NA,NA,Short (150-300 pages),NA,Science Fiction
El conde Lucanor,Don Juan Manuel,Narrative Nonfiction / Science Fiction / Historical Fiction / realistic fiction / nonfiction / Fiction in Verse / Fiction / short story / Poetry / Fable,NA,NA,NA,NA,NA,NA,NA,NA,NA,Short (150-300 pages),NA,Science Fiction
Las cinco disfunciones de un equipo,Patrick Lencioni,Narrative Nonfiction / nonfiction / Fiction / Comic,NA,NA,NA,NA,NA,NA,NA,NA,NA,NA,NA,Teamwork & Competition
Androcles and the lion,George Bernard Shaw,Drama / Fable / Fairy Tale,Dramatic,NA,NA,NA,NA,NA,NA,NA,NA,NA,NA,NA
Chocolate Touch,Patrick Skene Catling,Fiction / Narrative Nonfiction / Science Fiction / Historical Fiction / realistic fiction / nonfiction / Fiction in Verse / Legend / Fable,NA,NA,NA,NA,NA,NA,NA,NA,NA,Very Short (< 150 pages),NA,Science Fiction / Humor / Social Issues
New Arabian Nights,Robert Louis Stevenson,Narrative Nonfiction / Science Fiction / Historical Fiction / realistic fiction / nonfiction / Fiction in Verse / Fiction,NA,NA,NA,NA,Action,NA,NA,NA,NA,Short (150-300 pages),NA,Science Fiction / Adventure
Mufaro's Beautiful Daughters,John Steptoe,Fairy Tale / Narrative Nonfiction / Science Fiction / Historical Fiction / realistic fiction / nonfiction / Fiction in Verse / Fiction / Legend / Fable,NA,NA,NA,NA,NA,NA,NA,NA,NA,Very Short (< 150 pages),NA,Science Fiction
Houghton Mifflin Reading Leveled Readers California,Houghton Mifflin Company Staff,NA,NA,NA,NA,NA,NA,NA,NA,NA,NA,NA,NA,NA
Percy Jackson's Greek heroes,Rick Riordan,mythology / Fiction / Narrative Nonfiction / Science Fiction / Historical Fiction / realistic fiction / nonfiction / Fiction in Verse / Fairy Tale / Folklore / Legend / Fable / Fantasy,NA,NA,Hero,NA,NA,NA,NA,NA,NA,NA,NA,Science Fiction / Fantasy
Oakleaf Bearers,John Flanagan,Narrative Nonfiction / Science Fiction / Historical Fiction / realistic fiction / nonfiction / Fiction in Verse / Fiction / Fantasy / Legend / Fable,NA,NA,Hero,NA,Action,NA,NA,NA,Fantasy Realms,NA,Concise & Straightforward,Science Fiction / Fantasy / Adventure
L'Ignorance,Milan Kundera,Narrative Nonfiction / Science Fiction / Historical Fiction / realistic fiction / nonfiction / Fiction in Verse / Fiction,NA,NA,NA,NA,NA,NA,NA,NA,NA,Short (150-300 pages),NA,Science Fiction
The Stinky Cheese Man and Other Fairly Stupid Tales,Jon Scieszka,Fairy Tale / Fiction / Fable,NA,NA,NA,NA,NA,NA,NA,NA,NA,Very Short (< 150 pages),NA,NA
Die with Zero,Bill Perkins,NA,NA,NA,NA,NA,Action,NA,NA,NA,NA,Very Short (< 150 pages),NA,NA
The curious garden,Peter Brown,Fiction / Narrative Nonfiction / Science Fiction / Historical Fiction / realistic fiction / nonfiction / Fiction in Verse / Legend / Fable,NA,NA,NA,NA,NA,NA,NA,NA,NA,NA,NA,Science Fiction
Aminta,Torquato Tasso,Drama / Poetry,NA,NA,NA,NA,NA,NA,NA,NA,NA,Very Short (< 150 pages),NA,NA
Sobranie sochinenii v dvadtsati dvukh tomakh,??? ???????,Fable / Fairy Tale,NA,NA,NA,NA,NA,NA,NA,NA,NA,Very Short (< 150 pages),NA,NA
Stella X,Gary Smith,NA,NA,NA,NA,NA,NA,NA,NA,NA,NA,NA,NA,NA
Fable,Adrienne Young,Fiction / Fantasy,NA,NA,NA,NA,NA,NA,NA,NA,NA,NA,NA,Fantasy
Brewer's dictionary of phrase and fable,Ebenezer Cobham Brewer,Fable / mythology / Folklore,NA,NA,NA,NA,NA,NA,NA,NA,NA,Epic (700+ pages),NA,NA
Liao zhai zhi yi,Pu Songling,Narrative Nonfiction / Science Fiction / Historical Fiction / realistic fiction / nonfiction / Fiction in Verse / Fiction,NA,NA,NA,NA,NA,NA,NA,NA,NA,NA,NA,Science Fiction
Venus and Adonis,William Shakespeare,Poetry / Fable / mythology / Biography / Autobiography,NA,NA,NA,NA,NA,NA,NA,NA,NA,Very Short (< 150 pages),NA,NA
Fables de la Fontaine,Jean de La Fontaine,NA,NA,NA,NA,NA,NA,NA,NA,NA,NA,Very Short (< 150 pages),NA,NA
God on a Harley,Joan Brady,Narrative Nonfiction / Science Fiction / Historical Fiction / realistic fiction / nonfiction / Fiction in Verse / Fiction,NA,NA,NA,NA,NA,NA,NA,NA,NA,Very Short (< 150 pages),NA,Science Fiction
The Grey King (The Dark is Rising #4),Susan Cooper,Fantasy / Narrative Nonfiction / Science Fiction / Historical Fiction / realistic fiction / nonfiction / Fiction in Verse / Fiction / Legend / Fable,NA,NA,NA,NA,Action,NA,NA,NA,Fantasy Realms,NA,NA,Fantasy / Science Fiction / Adventure
Children of Virtue and Vengeance,Tomi Adeyemi,Fantasy / Fiction / Legend / Fable / Narrative Nonfiction / Science Fiction / Historical Fiction / realistic fiction / nonfiction / Fiction in Verse,NA,NA,NA,NA,NA,NA,NA,NA,NA,Medium (300-500 pages),NA,Fantasy / Friendship / Science Fiction
Feminist fables,Suniti Namjoshi,Narrative Nonfiction / Science Fiction / Historical Fiction / realistic fiction / nonfiction / Fiction in Verse / Fiction / Fable / Folklore / mythology,NA,NA,NA,NA,NA,NA,NA,NA,NA,Very Short (< 150 pages),NA,Science Fiction
Simulacra and simulation,Jean Baudrillard,NA,NA,NA,NA,NA,NA,NA,NA,NA,NA,Short (150-300 pages),NA,NA
The Phoenix and the Carpet,Edith Nesbit,Fantasy / Fiction / Narrative Nonfiction / Science Fiction / Historical Fiction / realistic fiction / nonfiction / Fiction in Verse,NA,NA,NA,NA,NA,NA,NA,NA,Fantasy Realms,Very Short (< 150 pages),NA,Fantasy / Science Fiction
The Enchanted Castle,Edith Nesbit,Narrative Nonfiction / Science Fiction / Historical Fiction / realistic fiction / nonfiction / Fiction in Verse / Fiction / Fantasy,NA,NA,NA,NA,NA,NA,NA,NA,Fantasy Realms / Historical,Short (150-300 pages),NA,Science Fiction / Fantasy / Friendship / Historical
Carmilla,Joseph Sheridan Le Fanu,Fantasy / Fiction / Narrative Nonfiction / Science Fiction / Historical Fiction / realistic fiction / nonfiction / Fiction in Verse / Horror / Mystery,NA,NA,NA,NA,NA,NA,NA,NA,NA,Very Short (< 150 pages),NA,Fantasy / Science Fiction / Horror
Phantastes,George MacDonald,Fairy Tale / Fantasy / Fiction / Science Fiction / Narrative Nonfiction / Historical Fiction / realistic fiction / nonfiction / Fiction in Verse,NA,NA,NA,NA,NA,NA,NA,NA,Fantasy Realms,NA,NA,Fantasy / Science Fiction
The Jewel of Seven Stars,Bram Stoker,Horror / Narrative Nonfiction / Science Fiction / Historical Fiction / realistic fiction / nonfiction / Fiction in Verse / Fiction,NA,NA,NA,NA,NA,NA,NA,NA,NA,Medium (300-500 pages),NA,Horror / Science Fiction / Mystery / Thriller
Hans Andersen's Fairy Tales,Hans Christian Andersen,Folklore / Fiction / Fairy Tale,NA,NA,NA,NA,NA,NA,NA,NA,NA,NA,NA,NA
The Fellowship of the Ring,J.R.R. Tolkien,Fiction / Fantasy / Narrative Nonfiction / Science Fiction / Historical Fiction / realistic fiction / nonfiction / Fiction in Verse / Fairy Tale,Hopeful / Romantic,NA,NA,NA,NA,NA,NA,NA,Fantasy Realms,Medium (300-500 pages),NA,Fantasy / Science Fiction / Adventure / Love / Romance
Five Children and It,Edith Nesbit,Narrative Nonfiction / Science Fiction / Historical Fiction / realistic fiction / nonfiction / Fiction in Verse / Fiction / Fantasy / Fairy Tale,NA,NA,NA,NA,Action,NA,NA,NA,Fantasy Realms,Very Short (< 150 pages),NA,Science Fiction / Fantasy / Adventure / Family Dynamics
The Two Towers,J.R.R. Tolkien,Fantasy / Fiction / Narrative Nonfiction / Science Fiction / Historical Fiction / realistic fiction / nonfiction / Fiction in Verse,NA,NA,NA,NA,NA,NA,NA,NA,Fantasy Realms,Medium (300-500 pages),NA,Fantasy / Science Fiction / Adventure
The Subtle Knife,Philip Pullman,Fantasy / Fiction / Narrative Nonfiction / Science Fiction / Historical Fiction / realistic fiction / nonfiction / Fiction in Verse / Horror,NA,NA,NA,NA,NA,NA,NA,NA,Fantasy Realms,Medium (300-500 pages),NA,Fantasy / Science Fiction / Horror
The Return of the King,J.R.R. Tolkien,Narrative Nonfiction / Science Fiction / Historical Fiction / realistic fiction / nonfiction / Fiction in Verse / Fiction / Fantasy,Hopeful / Romantic,NA,NA,NA,NA,NA,NA,NA,Fantasy Realms / Nature-based / Wilderness Adventure,NA,NA,Science Fiction / Fantasy / Adventure / Love / Romance
The Silmarillion,J.R.R. Tolkien,Fantasy / Fiction / Narrative Nonfiction / Science Fiction / Historical Fiction / realistic fiction / nonfiction / Fiction in Verse / Legend / Fairy Tale / mythology,NA,NA,NA,NA,Action,NA,NA,NA,Fantasy Realms / Historical,NA,NA,Fantasy / Science Fiction / Adventure / Historical
The Last Battle,C.S. Lewis,Fiction / Science Fiction / Fantasy / Narrative Nonfiction / Historical Fiction / realistic fiction / nonfiction / Fiction in Verse,NA,NA,NA,NA,NA,NA,NA,NA,Fantasy Realms,Short (150-300 pages),NA,Science Fiction / Fantasy / Adventure
"The Lion, the Witch and the Wardrobe",C.S. Lewis,Fantasy / Fiction / Science Fiction / Narrative Nonfiction / Historical Fiction / realistic fiction / nonfiction / Fiction in Verse / Fairy Tale,Grim,NA,NA,NA,Action,NA,NA,NA,Fantasy Realms,Short (150-300 pages),NA,Fantasy / Adventure / Science Fiction / Friendship
Ozma of Oz,L. Frank Baum,Fantasy / Fiction / Fairy Tale,NA,NA,NA,NA,NA,NA,NA,NA,Fantasy Realms,Very Short (< 150 pages),NA,Fantasy
Prince Caspian,C.S. Lewis,Fantasy / Fiction / Narrative Nonfiction / Science Fiction / Historical Fiction / realistic fiction / nonfiction / Fiction in Verse / Fairy Tale,NA,NA,NA,NA,Action,NA,NA,NA,Fantasy Realms,Short (150-300 pages),NA,Fantasy / Science Fiction / Adventure
The Silver Chair,C.S. Lewis,Narrative Nonfiction / Science Fiction / Historical Fiction / realistic fiction / nonfiction / Fiction in Verse / Fiction / Fantasy,NA,NA,NA,NA,NA,NA,NA,NA,Fantasy Realms,Medium (300-500 pages),NA,Science Fiction / Fantasy / Adventure
The Lord of the Rings,J.R.R. Tolkien,Narrative Nonfiction / Science Fiction / Historical Fiction / realistic fiction / nonfiction / Fiction in Verse / Fiction / Fantasy,NA,NA,NA,NA,NA,NA,NA,NA,NA,NA,NA,Science Fiction / Fantasy
The Voyage of the Dawn Treader,C.S. Lewis,Fiction / Fantasy / Narrative Nonfiction / Science Fiction / Historical Fiction / realistic fiction / nonfiction / Fiction in Verse / Fairy Tale,NA,NA,NA,NA,NA,NA,NA,NA,Fantasy Realms,Medium (300-500 pages),NA,Fantasy / Science Fiction / Adventure
Harry Potter and the Half-Blood Prince,J. K. Rowling,Narrative Nonfiction / Science Fiction / Historical Fiction / realistic fiction / nonfiction / Fiction in Verse / Fiction / Fantasy / Mystery,NA,NA,NA,NA,NA,NA,NA,NA,Fantasy Realms,NA,NA,Science Fiction / Fantasy / Family Dynamics / Friendship / Coming of Age
Harry Potter and the Prisoner of Azkaban,J. K. Rowling,Fantasy / Fiction / Science Fiction / Narrative Nonfiction / Historical Fiction / realistic fiction / nonfiction / Fiction in Verse,NA,NA,NA,NA,NA,NA,NA,NA,Fantasy Realms / Nature-based / Wilderness Adventure,NA,NA,Fantasy / Adventure / Science Fiction / Family Dynamics / Friendship
The Horse and His Boy,C.S. Lewis,Fantasy / Fiction / Fairy Tale / Narrative Nonfiction / Science Fiction / Historical Fiction / realistic fiction / nonfiction / Fiction in Verse,NA,NA,NA,NA,NA,NA,NA,NA,Fantasy Realms,Short (150-300 pages),NA,Fantasy / Adventure / Science Fiction
Harry Potter and the Deathly Hallows,J. K. Rowling,Narrative Nonfiction / Science Fiction / Historical Fiction / realistic fiction / nonfiction / Fiction in Verse / Fiction / Fantasy / Mystery,Dark,NA,Hero,NA,Action,NA,NA,NA,Fantasy Realms / Nature-based / Wilderness Adventure,Epic (700+ pages),Fast-pace & action-oriented / Concise & Straightforward,Science Fiction / Coming of Age / Fantasy / Adventure / Mystery / Thriller / Family Dynamics / Friendship
Harry Potter and the Order of the Phoenix,J. K. Rowling,Fiction / Fantasy / Narrative Nonfiction / Science Fiction / Historical Fiction / realistic fiction / nonfiction / Fiction in Verse,Grim,NA,NA,NA,NA,NA,NA,NA,Fantasy Realms,Long (500-700 pages),NA,Fantasy / Science Fiction / Friendship / Coming of Age / Family Dynamics / Adventure
A Wrinkle in Time,Madeleine L'Engle,Fiction / Narrative Nonfiction / Science Fiction / Historical Fiction / realistic fiction / nonfiction / Fiction in Verse / Fantasy,NA,NA,NA,NA,NA,NA,NA,Love them,Futuristic / Sci-Fi Worlds,NA,NA,Love / Romance / Science Fiction / Friendship / Fantasy / Adventure
The Story of the Amulet,Edith Nesbit,Narrative Nonfiction / Science Fiction / Historical Fiction / realistic fiction / nonfiction / Fiction in Verse / Fiction / Fantasy / Fairy Tale / Mystery,NA,NA,NA,NA,NA,NA,NA,NA,Fantasy Realms,Short (150-300 pages),NA,Science Fiction / Fantasy / Adventure
Harry Potter and the Chamber of Secrets,J. K. Rowling,Fantasy / Fiction / Narrative Nonfiction / Science Fiction / Historical Fiction / realistic fiction / nonfiction / Fiction in Verse,NA,NA,NA,NA,Action,NA,NA,Realistic,Fantasy Realms / Nature-based / Wilderness Adventure,Medium (300-500 pages),NA,Fantasy / Science Fiction / Friendship / Adventure / Family Dynamics / Social Issues / Humor
Where the Wild Things Are,Maurice Sendak,Fantasy / Fiction / Narrative Nonfiction / Science Fiction / Historical Fiction / realistic fiction / nonfiction / Fiction in Verse / Fairy Tale,NA,NA,NA,NA,Action,NA,NA,NA,Fantasy Realms,Very Short (< 150 pages),NA,Fantasy / Science Fiction / Adventure
Harry Potter and the Philosopher's Stone,J. K. Rowling,Fiction / Narrative Nonfiction / Science Fiction / Historical Fiction / realistic fiction / nonfiction / Fiction in Verse / Fantasy / Mystery,Romantic,NA,NA,NA,Action,NA,NA,NA,Fantasy Realms / Nature-based / Wilderness Adventure,NA,NA,Science Fiction / Fantasy / Adventure / Friendship / Mystery / Thriller / Love / Romance
The Story of Doctor Dolittle,Hugh Lofting,Narrative Nonfiction / Science Fiction / Historical Fiction / realistic fiction / nonfiction / Fiction in Verse / Fiction / Fantasy,NA,NA,NA,NA,NA,NA,NA,NA,Fantasy Realms,Short (150-300 pages),NA,Science Fiction / Fantasy
Charlie and the Chocolate Factory,Roald Dahl,Fantasy / Narrative Nonfiction / Science Fiction / Historical Fiction / realistic fiction / nonfiction / Fiction in Verse / Fiction,NA,NA,NA,NA,Action,NA,NA,NA,Fantasy Realms,NA,NA,Adventure / Humor / Fantasy / Science Fiction
Charlotte's Web,E. B. White,Fiction / Fantasy / Narrative Nonfiction / Science Fiction / Historical Fiction / realistic fiction / nonfiction / Fiction in Verse / Folklore,NA,NA,NA,NA,NA,NA,NA,NA,Fantasy Realms,Short (150-300 pages),NA,Fantasy / Science Fiction / Friendship / Humor
James and the Giant Peach,Roald Dahl,Narrative Nonfiction / Science Fiction / Historical Fiction / realistic fiction / nonfiction / Fiction in Verse / Fiction / Fantasy / Fairy Tale,NA,NA,NA,NA,NA,NA,NA,NA,Fantasy Realms,NA,NA,Science Fiction / Fantasy / Humor / Family Dynamics
Tik-Tok of Oz,L. Frank Baum,Fairy Tale / Fantasy / Fiction / Narrative Nonfiction / Science Fiction / Historical Fiction / realistic fiction / nonfiction / Fiction in Verse,NA,NA,NA,NA,NA,NA,NA,NA,Fantasy Realms / Historical,Short (150-300 pages),NA,Fantasy / Science Fiction / Historical / Adventure
The Road to Oz,L. Frank Baum,Fairy Tale / Fiction / Narrative Nonfiction / Science Fiction / Historical Fiction / realistic fiction / nonfiction / Fiction in Verse / Fantasy,NA,NA,NA,NA,NA,NA,NA,NA,Fantasy Realms,Very Short (< 150 pages),NA,Science Fiction / Fantasy
Fantastic Mr Fox,Roald Dahl,Fiction / Narrative Nonfiction / Science Fiction / Historical Fiction / realistic fiction / nonfiction / Fiction in Verse / Fantasy,NA,NA,NA,NA,NA,NA,NA,NA,NA,Very Short (< 150 pages),NA,Science Fiction / Fantasy
Charlie and the Great Glass Elevator,Roald Dahl,Fiction / Science Fiction / Narrative Nonfiction / Historical Fiction / realistic fiction / nonfiction / Fiction in Verse,NA,NA,NA,NA,NA,NA,NA,NA,NA,NA,NA,Science Fiction / Humor / Adventure
The water-babies,Charles Kingsley,Fiction / Narrative Nonfiction / Science Fiction / Historical Fiction / realistic fiction / nonfiction / Fiction in Verse / Fairy Tale / Fantasy,NA,NA,NA,NA,NA,NA,NA,NA,Fantasy Realms,Medium (300-500 pages),NA,Science Fiction / Adventure / Fantasy
Japanese fairy tales,Yei Theodora Ozaki,Fairy Tale / Folklore,NA,NA,NA,NA,NA,NA,NA,NA,NA,Very Short (< 150 pages),NA,NA
Indian Fairy Tales,Joseph Jacobs,Fantasy / Narrative Nonfiction / Science Fiction / Historical Fiction / realistic fiction / nonfiction / Fiction in Verse / Fiction / mythology / Folklore / Fairy Tale,NA,NA,NA,NA,NA,NA,NA,NA,Fantasy Realms,Short (150-300 pages),NA,Fantasy / Science Fiction
Baum's American Fairy Tales,L. Frank Baum,Fiction / Narrative Nonfiction / Science Fiction / Historical Fiction / realistic fiction / nonfiction / Fiction in Verse / Fantasy / Fairy Tale,NA,NA,NA,NA,NA,NA,NA,NA,Fantasy Realms,NA,NA,Science Fiction / Fantasy
English Fairy Tales,Joseph Jacobs,Fairy Tale / Fiction / Narrative Nonfiction / Science Fiction / Historical Fiction / realistic fiction / nonfiction / Fiction in Verse / Folklore,NA,NA,NA,NA,NA,NA,NA,NA,NA,NA,NA,Science Fiction
Celtic Fairy Tales,Joseph Jacobs,Narrative Nonfiction / Science Fiction / Historical Fiction / realistic fiction / nonfiction / Fiction in Verse / Fiction / Folklore / mythology / Fairy Tale,NA,NA,NA,NA,NA,NA,NA,NA,NA,Short (150-300 pages),NA,Science Fiction
Fairy Tale,Stephen King,Fiction,NA,NA,NA,NA,NA,NA,NA,NA,NA,Epic (700+ pages),NA,NA
That hideous strength,C.S. Lewis,Fantasy / Fiction / Science Fiction / Narrative Nonfiction / Historical Fiction / realistic fiction / nonfiction / Fiction in Verse,NA,NA,NA,NA,NA,NA,NA,NA,NA,Medium (300-500 pages),NA,Fantasy / Science Fiction
Cinderella,Fairy tale),NA,NA,NA,NA,NA,NA,NA,NA,NA,NA,NA,NA,NA
Fairy Tale Coloring Book for Girls,Fairy Tale,NA,NA,NA,NA,NA,NA,NA,NA,NA,NA,NA,NA,NA
Fairy Tale Notebook Collection,Fairy Tale Fairy Tale Notebook Collection,NA,NA,NA,NA,NA,NA,NA,NA,NA,NA,NA,NA,NA
Inuyasha,?????,Narrative Nonfiction / Science Fiction / Historical Fiction / realistic fiction / nonfiction / Fiction in Verse / Fiction / Legend / Comic / Fantasy / Mystery,NA,NA,Hero,NA,NA,NA,NA,NA,Historical,NA,NA,Science Fiction / Fantasy / Friendship / Historical
Irish Fairy Tales,James Stephens,Folklore,NA,NA,NA,NA,NA,NA,NA,NA,NA,NA,NA,NA
The Master Key,L. Frank Baum,Narrative Nonfiction / Science Fiction / Historical Fiction / realistic fiction / nonfiction / Fiction in Verse / Fiction / Fantasy,NA,NA,NA,NA,NA,NA,NA,NA,Fantasy Realms,Short (150-300 pages),NA,Science Fiction / Fantasy
Goldilocks and the Three Bears,Fairy Tale Fairy Tale Activity Books,NA,NA,NA,NA,NA,NA,NA,NA,NA,NA,NA,NA,NA
Little Mermaid,Fairy Tale Fairy Tale Activity Books,NA,NA,NA,NA,NA,NA,NA,NA,NA,NA,NA,NA,NA
Thumbelina,Hans Christian Andersen,Fairy Tale / Fiction / Folklore / Narrative Nonfiction / Science Fiction / Historical Fiction / realistic fiction / nonfiction / Fiction in Verse / Comic / Fantasy,NA,NA,NA,NA,NA,NA,NA,NA,Fantasy Realms,NA,NA,Science Fiction / Fantasy
Finger Puppet Theater,Traditional Fairy Tale,Fairy Tale / Folklore / Fiction,NA,NA,NA,NA,NA,NA,NA,NA,NA,Very Short (< 150 pages),NA,NA
The heroes,Charles Kingsley,mythology / Legend / Fiction,NA,NA,NA,NA,NA,NA,NA,NA,NA,Short (150-300 pages),NA,NA
The Cricket on the Hearth,Charles Dickens,Fiction / Narrative Nonfiction / Science Fiction / Historical Fiction / realistic fiction / nonfiction / Fiction in Verse / Fairy Tale / Drama,Dramatic,NA,NA,NA,NA,NA,NA,NA,Historical,NA,NA,Science Fiction / Historical
The Happy Prince and other tales,Oscar Wilde,Fairy Tale / Fantasy / Fiction,NA,NA,NA,NA,NA,NA,NA,NA,NA,Very Short (< 150 pages),NA,Fantasy
Fairy tales,Hans Christian Anderson,Fairy Tale / Fiction / Folklore / Fantasy / Fable,NA,NA,NA,NA,NA,NA,NA,NA,NA,NA,NA,Fantasy
Andersen's Fairy Tales,Hans Christian Andersen,Folklore / Fiction / Fairy Tale,NA,NA,NA,NA,NA,NA,NA,NA,NA,NA,NA,NA
The Best fairy tales,Brothers Grimm,Fairy Tale,NA,NA,NA,NA,NA,NA,NA,NA,NA,Short (150-300 pages),NA,NA
Grimm's fairy tales,Brothers Grimm,NA,NA,NA,NA,NA,NA,NA,NA,NA,NA,NA,NA,NA
Grimm's Complete Fairy Tales,Brothers Grimm,Fairy Tale / Fiction,NA,NA,NA,NA,NA,NA,NA,NA,NA,Epic (700+ pages),NA,NA
The Violet Fairy Book (Large Print),Andrew Lang,Fairy Tale / Fiction / Fantasy,NA,NA,NA,NA,NA,NA,NA,NA,NA,NA,NA,Fantasy
More Celtic fairy tales,Joseph Jacobs,Folklore / Fairy Tale / Fiction / Fantasy,NA,NA,NA,NA,NA,NA,NA,NA,NA,NA,NA,Fantasy
Old-fashioned fairy tales,Juliana Horatia Gatty Ewing,NA,NA,NA,NA,NA,NA,NA,NA,NA,NA,Very Short (< 150 pages),NA,NA
Irish Fairy Tales Illustrated,James Stephens,NA,NA,NA,NA,NA,NA,NA,NA,NA,NA,NA,NA,NA
Fairy tales from Hans Christian Andersen,Hans Christian Andersen,Fairy Tale / Narrative Nonfiction / Science Fiction / Historical Fiction / realistic fiction / nonfiction / Fiction in Verse / Fiction,NA,NA,NA,NA,NA,NA,NA,NA,NA,NA,NA,Science Fiction
"The light princess, and other fairy tales",George MacDonald,Fairy Tale,NA,NA,NA,NA,NA,NA,NA,NA,NA,NA,NA,NA
"The Lion, the Witch and the Wardrobe",C.S. Lewis,Fantasy / Fiction / Science Fiction / Narrative Nonfiction / Historical Fiction / realistic fiction / nonfiction / Fiction in Verse / Fairy Tale,Grim,NA,NA,NA,Action,NA,NA,NA,Fantasy Realms,Short (150-300 pages),NA,Fantasy / Adventure / Science Fiction / Friendship
Pushkin's fairy tales,Aleksandr Sergeyevich Pushkin,Folklore / Fairy Tale,NA,NA,NA,NA,NA,NA,NA,NA,NA,Very Short (< 150 pages),NA,NA
Welsh Fairy Tales,William Elliot Griffis,Fiction / Fantasy,NA,NA,NA,NA,NA,NA,NA,NA,NA,NA,NA,Fantasy
The Green Fairy Book (Large Print),Andrew Lang,Fairy Tale / Fiction / Fantasy,NA,NA,NA,NA,NA,NA,NA,NA,NA,NA,NA,Fantasy
More English fairy tales,Joseph Jacobs,Fairy Tale / Folklore,NA,NA,NA,NA,NA,NA,NA,NA,NA,NA,NA,NA
Manx fairy tales,Sophia Morrison,Fairy Tale / Folklore,NA,NA,NA,NA,NA,NA,NA,NA,NA,Short (150-300 pages),NA,NA
Fairy Tale Girl,Ann Major,Fiction,NA,NA,NA,NA,NA,NA,NA,NA,Historical / Modern-Day / Contemporary Settings,Short (150-300 pages),NA,Historical
The Canterville ghost,Oscar Wilde,Narrative Nonfiction / Science Fiction / Historical Fiction / realistic fiction / nonfiction / Fiction in Verse / Fiction / Fairy Tale,NA,NA,NA,NA,NA,NA,NA,NA,NA,Very Short (< 150 pages),NA,Science Fiction
Fairy Tales : Fairy Tales,Hans Andersen,Fairy Tale / Fiction / Folklore / Fantasy / Fable,NA,NA,NA,NA,NA,NA,NA,NA,NA,NA,NA,Fantasy
The Tasha Tudor book of fairy tales,Tasha Tudor,Fairy Tale / Folklore,NA,NA,NA,NA,NA,NA,NA,NA,NA,Very Short (< 150 pages),NA,NA
Faerie queene,Edmund Spenser,Poetry / Science Fiction / Fantasy / Fiction,NA,NA,NA,NA,NA,NA,NA,NA,NA,NA,NA,Science Fiction / Fantasy
Robinson Crusoe,Daniel Defoe,Fiction / Narrative Nonfiction / Science Fiction / Historical Fiction / realistic fiction / nonfiction / Fiction in Verse / Poetry,NA,NA,NA,NA,Action,NA,NA,NA,Historical,NA,NA,Science Fiction / Survival / Adventure / Historical
Aeneis,Publius Vergilius Maro,Poetry / Legend / mythology / Drama / Narrative Nonfiction / Science Fiction / Historical Fiction / realistic fiction / nonfiction / Fiction in Verse / Fiction,Dramatic,NA,NA,NA,NA,NA,NA,NA,NA,NA,No preferences,Science Fiction
The Cat in the Hat,Dr. Seuss,Fiction / Poetry / Narrative Nonfiction / Science Fiction / Historical Fiction / realistic fiction / nonfiction / Fiction in Verse / Folklore / Fantasy,NA,NA,NA,NA,NA,NA,NA,NA,Fantasy Realms,Very Short (< 150 pages),NA,Science Fiction / Fantasy / Humor
The history of the great plague in London in the year 1665,Daniel Defoe,Narrative Nonfiction / Science Fiction / Historical Fiction / realistic fiction / nonfiction / Fiction in Verse / Fiction,NA,Fast,NA,NA,NA,NA,NA,NA,Historical,Short (150-300 pages),NA,Science Fiction / Historical
The Satanic Verses,Salman Rushdie,Fiction / Narrative Nonfiction / Science Fiction / Historical Fiction / realistic fiction / nonfiction / Fiction in Verse,NA,NA,NA,NA,NA,NA,NA,NA,NA,Very Short (< 150 pages),NA,Science Fiction / Survival / Family Dynamics
Jude the Obscure,Thomas Hardy,Narrative Nonfiction / Science Fiction / Historical Fiction / realistic fiction / nonfiction / Fiction in Verse / Fiction,NA,NA,NA,NA,NA,NA,NA,NA,Historical,NA,NA,Science Fiction / Historical / Love / Romance
The Hunting of the Snark,Lewis Carroll,Poetry / Narrative Nonfiction / Science Fiction / Historical Fiction / realistic fiction / nonfiction / Fiction in Verse / Fiction / Comic,NA,NA,NA,NA,NA,NA,NA,NA,NA,NA,NA,Science Fiction / Humor
Satyricon,Petronius Arbiter,Narrative Nonfiction / Science Fiction / Historical Fiction / realistic fiction / nonfiction / Fiction in Verse / Fiction / Poetry,NA,NA,NA,NA,NA,NA,NA,NA,Historical,NA,NA,Science Fiction / Humor / Historical
Captains Courageous,Rudyard Kipling,Narrative Nonfiction / Science Fiction / Historical Fiction / realistic fiction / nonfiction / Fiction in Verse / Fiction / Comic / Biography / Autobiography,Romantic,NA,NA,NA,Action,NA,NA,NA,NA,Short (150-300 pages),NA,Science Fiction / Coming of Age / Adventure / Love / Romance
Evgenii? Onegin,Aleksandr Sergeyevich Pushkin,Fiction / Poetry / Narrative Nonfiction / Science Fiction / Historical Fiction / realistic fiction / nonfiction / Fiction in Verse / Drama,Dramatic,NA,NA,NA,NA,NA,NA,NA,NA,NA,NA,Science Fiction
Oresteia,Aeschylus,mythology / Drama / Fiction / Poetry,Dramatic,NA,NA,NA,NA,NA,NA,NA,NA,Short (150-300 pages),NA,NA
Moments of vision,Thomas Hardy,Poetry / Fiction,NA,NA,NA,NA,NA,NA,NA,NA,NA,Medium (300-500 pages),NA,NA
Skeleton crew,Stephen King,Horror / Poetry / short story / Fantasy / Fiction / Narrative Nonfiction / Science Fiction / Historical Fiction / realistic fiction / nonfiction / Fiction in Verse,Grim,NA,Hero,NA,NA,NA,NA,NA,NA,Medium (300-500 pages),NA,Horror / Social Issues / Fantasy / Science Fiction / Victory & Achievement
Prometheus Bound,Aeschylus,Drama / mythology / Fiction,Dramatic,NA,NA,NA,NA,NA,NA,NA,NA,NA,NA,NA
Poema de mio Cid,Anonymous,Poetry / Narrative Nonfiction / Science Fiction / Historical Fiction / realistic fiction / nonfiction / Fiction in Verse / Fiction,NA,NA,NA,NA,NA,NA,NA,NA,NA,NA,NA,Science Fiction
Il Paradiso,Dante Alighieri,Poetry / Narrative Nonfiction / Science Fiction / Historical Fiction / realistic fiction / nonfiction / Fiction in Verse / Fiction,NA,NA,NA,NA,NA,NA,NA,NA,NA,Very Short (< 150 pages),Experimental or Non-Linear,Science Fiction
Truth and fiction in verse and prose ...,Alice D. Estes,NA,NA,NA,NA,NA,NA,NA,NA,NA,NA,Very Short (< 150 pages),NA,NA
Moll Flanders,Daniel Defoe,Narrative Nonfiction / Science Fiction / Historical Fiction / realistic fiction / nonfiction / Fiction in Verse / Fiction / Drama,Dramatic,NA,NA,NA,Action,NA,NA,NA,NA,NA,NA,Science Fiction / Adventure / Coming of Age
Parzival,Wolfram von Eschenbach,Legend / Fiction / Poetry,NA,NA,NA,NA,NA,NA,NA,NA,NA,Long (500-700 pages),NA,NA
The Mysteries of Udolpho,Ann Radcliffe,Narrative Nonfiction / Science Fiction / Historical Fiction / realistic fiction / nonfiction / Fiction in Verse / Fiction / Fairy Tale / Horror / Mystery,NA,NA,NA,NA,NA,NA,NA,NA,NA,NA,NA,Science Fiction / Horror
Painting symphony,K. P. Shashidharan,Poetry,NA,NA,NA,NA,NA,NA,NA,NA,NA,NA,NA,NA
Green Eggs and Ham,Dr. Seuss,Narrative Nonfiction / Science Fiction / Historical Fiction / realistic fiction / nonfiction / Fiction in Verse / Fiction / Poetry,NA,NA,NA,NA,NA,NA,NA,NA,NA,Very Short (< 150 pages),NA,Science Fiction / Humor
Plain tales from the hills,Rudyard Kipling,Narrative Nonfiction / Science Fiction / Historical Fiction / realistic fiction / nonfiction / Fiction in Verse / Fiction,NA,Fast,NA,NA,NA,NA,NA,NA,NA,NA,NA,Science Fiction
Barbie Horse Trouble Barbie Look Look,Golden Books,Fiction / Poetry / Fairy Tale / Narrative Nonfiction / Science Fiction / Historical Fiction / realistic fiction / nonfiction / Fiction in Verse,NA,NA,NA,NA,NA,NA,NA,NA,NA,Very Short (< 150 pages),NA,Science Fiction
Evangeline,Henry Wadsworth Longfellow,Poetry / Narrative Nonfiction / Science Fiction / Historical Fiction / realistic fiction / nonfiction / Fiction in Verse / Fiction / Legend,NA,NA,NA,NA,NA,NA,NA,NA,NA,Very Short (< 150 pages),NA,Science Fiction
Struwwelpeter,Heinrich Hoffmann,Poetry / Narrative Nonfiction / Science Fiction / Historical Fiction / realistic fiction / nonfiction / Fiction in Verse / Fiction / Comic,NA,NA,NA,NA,NA,NA,NA,NA,NA,NA,NA,Science Fiction
How the Grinch Stole Christmas!,Dr. Seuss,Fiction / Fantasy / Narrative Nonfiction / Science Fiction / Historical Fiction / realistic fiction / nonfiction / Fiction in Verse,NA,NA,NA,NA,NA,NA,NA,NA,Fantasy Realms,NA,NA,Fantasy / Science Fiction / Humor
Fox in Socks,Dr. Seuss,Fiction / Narrative Nonfiction / Science Fiction / Historical Fiction / realistic fiction / nonfiction / Fiction in Verse / Fantasy / Poetry,NA,NA,NA,NA,NA,NA,NA,NA,Fantasy Realms,Very Short (< 150 pages),NA,Science Fiction / Fantasy / Humor
Troilus and Criseyde,Geoffrey Chaucer,Narrative Nonfiction / Science Fiction / Historical Fiction / realistic fiction / nonfiction / Fiction in Verse / Fiction / mythology / Poetry / Legend,Grim,Fast,NA,NA,NA,NA,NA,NA,NA,NA,NA,Science Fiction
The Cat in the Hat Comes Back,Dr. Seuss,Narrative Nonfiction / Science Fiction / Historical Fiction / realistic fiction / nonfiction / Fiction in Verse / Fiction / Fantasy,Playful,NA,NA,NA,NA,NA,NA,NA,Fantasy Realms,Very Short (< 150 pages),NA,Science Fiction / Fantasy / Training & Dedication / Humor
Antigone,Sophocles,Drama / mythology,Dramatic,NA,NA,NA,NA,NA,NA,NA,NA,Very Short (< 150 pages),NA,NA
Lysistrata,Aristophanes,Drama / Fiction,Dramatic,Fast,NA,NA,NA,NA,NA,NA,NA,Very Short (< 150 pages),NA,NA
There's a Wocket in my Pocket!,Dr. Seuss,Narrative Nonfiction / Science Fiction / Historical Fiction / realistic fiction / nonfiction / Fiction in Verse / Fiction / Poetry,NA,NA,NA,NA,NA,NA,NA,NA,NA,NA,NA,Science Fiction / Humor
Lettres portugaises,Gabriel de Guilleragues,Narrative Nonfiction / Science Fiction / Historical Fiction / realistic fiction / nonfiction / Fiction in Verse / Fiction / short story,NA,NA,NA,NA,NA,NA,NA,NA,NA,NA,NA,Science Fiction
Dr. Seuss's ABC,Dr. Seuss,Fiction,NA,NA,NA,NA,NA,NA,NA,NA,NA,NA,NA,NA
Gerusalemme liberata,Torquato Tasso,Poetry / Narrative Nonfiction / Science Fiction / Historical Fiction / realistic fiction / nonfiction / Fiction in Verse / Fiction,NA,NA,NA,Sad,NA,NA,NA,NA,NA,Very Short (< 150 pages),NA,Science Fiction
The complete works of Robert Browning Volume XVI,Robert Browning,Poetry / Fiction,NA,NA,NA,NA,NA,NA,NA,NA,NA,Medium (300-500 pages),NA,NA
Hop on Pop,Dr. Seuss,Fiction / nonfiction / Poetry / Narrative Nonfiction / Science Fiction / Historical Fiction / realistic fiction / Fiction in Verse,NA,NA,NA,NA,NA,NA,NA,Love them,NA,NA,NA,Love / Romance / Family Dynamics / Humor / Science Fiction
The Crossover,Kwame Alexander,Fiction / Narrative Nonfiction / Science Fiction / Historical Fiction / realistic fiction / nonfiction / Fiction in Verse / Comic,NA,NA,NA,NA,NA,NA,NA,NA,NA,NA,NA,Science Fiction / Sports / Family Dynamics / Social Issues
Georgica,Publius Vergilius Maro,Poetry / Legend / Fiction,NA,NA,NA,NA,NA,NA,NA,NA,NA,NA,NA,NA
Carmina,Horace,Poetry / Fiction,Romantic,NA,NA,NA,NA,NA,NA,NA,NA,Short (150-300 pages),NA,Love / Romance
Wieland,Charles Brockden Brown,Narrative Nonfiction / Science Fiction / Historical Fiction / realistic fiction / nonfiction / Fiction in Verse / Fiction / Horror,NA,NA,NA,NA,NA,NA,NA,NA,Historical,NA,NA,Science Fiction / Horror / Historical
Jabberwocky,Lewis Carroll,Poetry / Fantasy / nonfiction / Fiction,NA,NA,NA,NA,NA,NA,NA,NA,NA,NA,NA,Fantasy / Adventure
"One Fish, Two Fish, Red Fish, Blue Fish",Dr. Seuss,Fiction / Narrative Nonfiction / Science Fiction / Historical Fiction / realistic fiction / nonfiction / Fiction in Verse / Fantasy,NA,NA,NA,NA,NA,NA,NA,NA,NA,Very Short (< 150 pages),NA,Science Fiction / Fantasy / Humor
Paul et Virginie,Bernardin de Saint-Pierre,Narrative Nonfiction / Science Fiction / Historical Fiction / realistic fiction / nonfiction / Fiction in Verse / Fiction / Biography / Autobiography,NA,NA,NA,NA,NA,NA,NA,NA,NA,Very Short (< 150 pages),NA,Science Fiction
Divina Commedia,Dante Alighieri,Poetry / Fiction / Narrative Nonfiction / Science Fiction / Historical Fiction / realistic fiction / nonfiction / Fiction in Verse,NA,NA,NA,NA,NA,NA,NA,NA,Historical,NA,Experimental or Non-Linear,Humor / Science Fiction / Historical / Faith / Spiritually / Redemption
"Oh, the Places You'll Go!",Dr. Seuss,Narrative Nonfiction / Science Fiction / Historical Fiction / realistic fiction / nonfiction / Fiction in Verse / Fiction / Poetry,NA,NA,NA,NA,NA,NA,NA,NA,NA,NA,NA,Science Fiction / Humor
The Way of the World,William Congreve,Drama / Narrative Nonfiction / Science Fiction / Historical Fiction / realistic fiction / nonfiction / Fiction in Verse / Fiction,Dramatic,NA,NA,NA,NA,NA,NA,NA,NA,NA,NA,Science Fiction
Horton Hears a Who!,Dr. Seuss,Fantasy / Poetry / Narrative Nonfiction / Science Fiction / Historical Fiction / realistic fiction / nonfiction / Fiction in Verse / Fiction,NA,NA,NA,NA,NA,NA,NA,NA,Fantasy Realms,Very Short (< 150 pages),NA,Fantasy / Science Fiction
Inside Out & Back Again,Thanhha Lai,Fiction / Poetry / Fiction in Verse / realistic fiction / Narrative Nonfiction / Science Fiction / Historical Fiction / nonfiction,NA,NA,NA,NA,NA,NA,NA,Realistic,Historical / Otherworldly / Parallel Universes,Short (150-300 pages),NA,Historical / Science Fiction
Wilhelm Tell,Friedrich Schiller,Drama / Fiction / Narrative Nonfiction / Science Fiction / Historical Fiction / realistic fiction / nonfiction / Fiction in Verse,Dramatic,NA,NA,NA,NA,NA,NA,NA,NA,Very Short (< 150 pages),NA,Science Fiction
Apollonius Rhodius,Apollonius Rhodius,mythology / Poetry / Fiction,NA,NA,NA,NA,NA,NA,NA,NA,NA,Short (150-300 pages),NA,NA
The Poet X,Elizabeth Acevedo,Narrative Nonfiction / Science Fiction / Historical Fiction / realistic fiction / nonfiction / Fiction in Verse / Fiction / Poetry,NA,NA,NA,NA,NA,NA,NA,NA,NA,Medium (300-500 pages),NA,Science Fiction / Coming of Age
A  diversity of creatures,Rudyard Kipling,Science Fiction / Fiction,NA,NA,NA,NA,NA,NA,NA,NA,NA,Short (150-300 pages),NA,Science Fiction
"Oh, the Thinks You Can Think!",Dr. Seuss,Fantasy / Fiction / Narrative Nonfiction / Science Fiction / Historical Fiction / realistic fiction / nonfiction / Fiction in Verse / Poetry,NA,NA,NA,NA,NA,NA,NA,NA,Fantasy Realms,Very Short (< 150 pages),NA,Fantasy / Science Fiction
Muhammad,Karen Armstrong,Narrative Nonfiction / nonfiction / Fiction / Biography / Autobiography,NA,NA,NA,NA,NA,NA,NA,NA,NA,Short (150-300 pages),NA,NA
The  day's work,Rudyard Kipling,Narrative Nonfiction / Science Fiction / Historical Fiction / realistic fiction / nonfiction / Fiction in Verse / Fiction,NA,NA,NA,NA,NA,NA,NA,NA,NA,Short (150-300 pages),NA,Science Fiction
Out of the Dust,Karen Hesse,Narrative Nonfiction / Science Fiction / Historical Fiction / realistic fiction / nonfiction / Fiction in Verse / Fiction / Poetry,NA,NA,NA,NA,NA,NA,NA,NA,NA,Short (150-300 pages),NA,Science Fiction
Il purgatorio,Dante Alighieri,Poetry / Narrative Nonfiction / Science Fiction / Historical Fiction / realistic fiction / nonfiction / Fiction in Verse / Fiction,NA,NA,NA,NA,NA,NA,NA,NA,NA,NA,NA,Science Fiction
If I Ran the Zoo,Dr. Seuss,Fiction / Poetry / Narrative Nonfiction / Science Fiction / Historical Fiction / realistic fiction / nonfiction / Fiction in Verse / Fantasy,NA,NA,NA,NA,NA,NA,NA,NA,Fantasy Realms,NA,NA,Humor / Science Fiction / Fantasy
Stalky and Co,Rudyard Kipling,Narrative Nonfiction / Science Fiction / Historical Fiction / realistic fiction / nonfiction / Fiction in Verse / Fiction,NA,NA,NA,NA,Action,NA,NA,NA,NA,NA,NA,Science Fiction / Adventure
Pharsalia,Lucan,Poetry / Fiction,NA,Fast,NA,NA,NA,NA,NA,NA,NA,Medium (300-500 pages),NA,NA
The golden bough,James George Frazer,mythology / Folklore,NA,NA,NA,NA,NA,NA,NA,NA,NA,NA,NA,Sports
Le Morte d'Arthur,Thomas Malory,Narrative Nonfiction / Science Fiction / Historical Fiction / realistic fiction / nonfiction / Fiction in Verse / Fiction / Legend / Fantasy / Folklore,NA,NA,NA,NA,NA,NA,NA,NA,Historical,NA,NA,Science Fiction / Fantasy / Historical
The Alhambra,Washington Irving,Narrative Nonfiction / Science Fiction / Historical Fiction / realistic fiction / nonfiction / Fiction in Verse / Fiction / Folklore / Legend,NA,NA,NA,NA,NA,NA,NA,NA,NA,Short (150-300 pages),NA,Science Fiction
Tales from Shakespeare [20 tales],Charles Lamb,Drama / nonfiction / Fiction / Folklore,NA,NA,NA,NA,NA,NA,NA,NA,NA,NA,NA,NA
The sword in the stone,T. H. White,Narrative Nonfiction / Science Fiction / Historical Fiction / realistic fiction / nonfiction / Fiction in Verse / Fiction / Folklore / Legend / Fantasy,NA,NA,NA,NA,NA,NA,NA,NA,Historical,NA,NA,Science Fiction / Fantasy / Historical
Eragon,Christopher Paolini,Fantasy / Fiction / Narrative Nonfiction / Science Fiction / Historical Fiction / realistic fiction / nonfiction / Fiction in Verse / Fairy Tale / Folklore,NA,NA,NA,NA,Action,NA,NA,NA,Fantasy Realms / Nature-based / Wilderness Adventure,Long (500-700 pages),Concise & Straightforward,Fantasy / Science Fiction / Adventure
The Yearling,Marjorie Kinnan Rawlings,Fiction / Narrative Nonfiction / Science Fiction / Historical Fiction / realistic fiction / nonfiction / Fiction in Verse / Folklore / Legend,Gripping,NA,NA,NA,NA,NA,NA,NA,NA,Medium (300-500 pages),Descriptive & Lush,Coming of Age / Family Dynamics / Science Fiction
Mythology,Edith Hamilton,mythology / Folklore / Legend / Narrative Nonfiction / Science Fiction / Historical Fiction / realistic fiction / nonfiction / Fiction in Verse / Fiction / Biography / Autobiography,Mysterious,NA,NA,NA,Action,NA,NA,Occasionally,NA,NA,No preferences / Conversational / Fast-pace & action-oriented,Teamwork & Competition / Training & Dedication / Science Fiction / Inspiration from Athletes / Redemption
Lost Horizon,James Hilton,Narrative Nonfiction / Science Fiction / Historical Fiction / realistic fiction / nonfiction / Fiction in Verse / Fiction / Folklore / Fantasy,Romantic,NA,NA,NA,Action,NA,NA,NA,Fantasy Realms / Nature-based / Wilderness Adventure,Short (150-300 pages),NA,Science Fiction / Survival / Fantasy / Adventure / Love / Romance
Tale of Despereaux,Kate DiCamillo,Fairy Tale / Fiction / Narrative Nonfiction / Science Fiction / Historical Fiction / realistic fiction / nonfiction / Fiction in Verse / Folklore / Fantasy,NA,NA,NA,NA,Action,NA,NA,NA,Fantasy Realms,Short (150-300 pages),NA,Science Fiction / Adventure / Fantasy
The Princess and Curdie,George MacDonald,Fairy Tale / Narrative Nonfiction / Science Fiction / Historical Fiction / realistic fiction / nonfiction / Fiction in Verse / Fiction / Folklore / Fantasy,NA,NA,NA,NA,NA,NA,NA,NA,NA,NA,NA,Science Fiction / Fantasy
Master and Commander,Patrick O'Brian,Fiction / Narrative Nonfiction / Science Fiction / Historical Fiction / realistic fiction / nonfiction / Fiction in Verse / Fairy Tale / Folklore / mythology,NA,NA,NA,NA,NA,NA,NA,NA,Historical,Medium (300-500 pages),NA,Science Fiction / Historical
Maniac Magee,Jerry Spinelli,Narrative Nonfiction / Science Fiction / Historical Fiction / realistic fiction / nonfiction / Fiction in Verse / Fiction / Folklore / Legend,NA,NA,Hero,NA,NA,NA,NA,NA,NA,NA,NA,Science Fiction / Inspiration from Athletes / Sports / Friendship / Humor
Call It Courage,Armstrong Sperry,Folklore / Narrative Nonfiction / Science Fiction / Historical Fiction / realistic fiction / nonfiction / Fiction in Verse / Fiction / Legend,NA,NA,NA,NA,NA,NA,NA,NA,NA,NA,NA,Survival / Science Fiction
The Complete Jungle Book,Rudyard Kipling,Narrative Nonfiction / Science Fiction / Historical Fiction / realistic fiction / nonfiction / Fiction in Verse / Fiction / Folklore / Legend,NA,NA,NA,NA,NA,NA,NA,NA,NA,Long (500-700 pages),NA,Science Fiction / Adventure
Strega Nona,Tomie dePaola,Narrative Nonfiction / Science Fiction / Historical Fiction / realistic fiction / nonfiction / Fiction in Verse / Fiction / Folklore / Fairy Tale,NA,NA,NA,NA,NA,NA,NA,NA,NA,Very Short (< 150 pages),NA,Science Fiction
The Wishing Spell,Chris Colfer,Fairy Tale / Fiction / Narrative Nonfiction / Science Fiction / Historical Fiction / realistic fiction / nonfiction / Fiction in Verse / Folklore / Fantasy,NA,NA,NA,NA,NA,NA,Predictable,NA,Fantasy Realms / Nature-based / Wilderness Adventure,NA,NA,Science Fiction / Fantasy / Adventure / Redemption
Stone soup,Marcia Brown,Folklore / Fiction / Narrative Nonfiction / Science Fiction / Historical Fiction / realistic fiction / nonfiction / Fiction in Verse,NA,NA,NA,NA,NA,NA,NA,NA,NA,NA,NA,Science Fiction
The study of American folklore,Jan Harold Brunvand,Folklore,NA,NA,NA,NA,NA,NA,NA,NA,NA,NA,NA,NA
Ella Enchanted,Gail Carson Levine,Narrative Nonfiction / Science Fiction / Historical Fiction / realistic fiction / nonfiction / Fiction in Verse / Fiction / Fairy Tale / Folklore / Fantasy,NA,NA,NA,NA,NA,NA,NA,NA,Fantasy Realms,Short (150-300 pages),NA,Science Fiction / Fantasy / Friendship
Scary stories to tell in the dark,Alvin Schwartz,Horror / Folklore / Narrative Nonfiction / Science Fiction / Historical Fiction / realistic fiction / nonfiction / Fiction in Verse / Fiction / Fantasy / short story / Mystery / mythology / Fairy Tale,Suspenseful,NA,NA,NA,NA,NA,NA,NA,Fantasy Realms / Nature-based / Wilderness Adventure,NA,NA,Horror / Science Fiction / Fantasy / Adventure / Mystery / Thriller
The song of Hiawatha,Henry Wadsworth Longfellow,Poetry,NA,NA,NA,NA,NA,NA,NA,NA,NA,NA,NA,NA
Rip Van Winkle,Washington Irving,Fantasy / Fiction / Narrative Nonfiction / Science Fiction / Historical Fiction / realistic fiction / nonfiction / Fiction in Verse / Folklore,NA,NA,NA,NA,NA,NA,NA,NA,NA,Very Short (< 150 pages),NA,Fantasy / Science Fiction / Humor
Letters on demonology and witchcraft,Sir Walter Scott,NA,NA,NA,NA,NA,NA,NA,NA,NA,NA,Short (150-300 pages),NA,NA
Beauty,Robin McKinley,Fairy Tale / Folklore / Fiction / Fantasy,NA,NA,NA,NA,NA,NA,NA,NA,NA,NA,NA,Fantasy
Sundiata,Djibril Tamsir Niane,Legend / Folklore,NA,NA,NA,NA,NA,NA,NA,NA,NA,Short (150-300 pages),NA,NA
Tikki Tikki Tembo,Arlene Mosel,Folklore / Fiction / Legend / Narrative Nonfiction / Science Fiction / Historical Fiction / realistic fiction / nonfiction / Fiction in Verse,NA,NA,NA,NA,NA,NA,NA,NA,NA,NA,NA,Science Fiction / Humor
Shadow and Bone,Leigh Bardugo,Fantasy / Fiction / Narrative Nonfiction / Science Fiction / Historical Fiction / realistic fiction / nonfiction / Fiction in Verse / Fairy Tale / Folklore,NA,NA,NA,NA,NA,NA,NA,NA,Fantasy Realms,NA,NA,Fantasy / Science Fiction
The Miraculous Journey of Edward Tulane,Kate DiCamillo,Narrative Nonfiction / Science Fiction / Historical Fiction / realistic fiction / nonfiction / Fiction in Verse / Fiction / Fairy Tale / Folklore,NA,NA,NA,NA,Action,NA,NA,Love them,NA,NA,NA,Love / Romance / Adventure / Science Fiction
"The Capture (Guardians of Ga'Hoole, Book 1)",Kathryn Lasky,Fiction / Fantasy / Narrative Nonfiction / Science Fiction / Historical Fiction / realistic fiction / nonfiction / Fiction in Verse / Folklore,NA,NA,NA,NA,NA,NA,NA,NA,Fantasy Realms,NA,NA,Fantasy / Science Fiction / Adventure / Survival
The Pink Fairy Book,Andrew Lang,Fairy Tale / Folklore / Fantasy / Fiction,NA,NA,NA,NA,NA,NA,NA,NA,NA,Medium (300-500 pages),NA,Fantasy
More Scary Stories to Tell in the Dark,Alvin Schwartz,Horror / Folklore / Narrative Nonfiction / Science Fiction / Historical Fiction / realistic fiction / nonfiction / Fiction in Verse / Fiction,NA,NA,NA,NA,NA,NA,NA,NA,NA,Very Short (< 150 pages),NA,Horror / Science Fiction
Cinder,Marissa Meyer,Fairy Tale / Folklore / Fiction / Science Fiction / Narrative Nonfiction / Historical Fiction / realistic fiction / nonfiction / Fiction in Verse,NA,NA,NA,NA,NA,NA,NA,NA,NA,Medium (300-500 pages),NA,Science Fiction
Why mosquitoes buzz in people's ears,Verna Aardema,Narrative Nonfiction / Science Fiction / Historical Fiction / realistic fiction / nonfiction / Fiction in Verse / Fiction / Folklore,NA,NA,NA,NA,NA,NA,NA,NA,NA,NA,NA,Science Fiction
Cress,Marissa Meyer,Fiction / Narrative Nonfiction / Science Fiction / Historical Fiction / realistic fiction / nonfiction / Fiction in Verse / Fairy Tale / Folklore,NA,NA,NA,NA,NA,NA,NA,NA,NA,NA,NA,Science Fiction
Scary Stories 3,Alvin Schwartz,Folklore / Horror / Narrative Nonfiction / Science Fiction / Historical Fiction / realistic fiction / nonfiction / Fiction in Verse / Fiction,NA,NA,NA,NA,NA,NA,NA,NA,NA,NA,NA,Horror / Science Fiction
Curious George,H. A. Rey,Narrative Nonfiction / Science Fiction / Historical Fiction / realistic fiction / nonfiction / Fiction in Verse / Fiction / Folklore,NA,NA,NA,NA,NA,NA,NA,NA,NA,Very Short (< 150 pages),NA,Science Fiction
The Three Little Pigs,James Orchard Halliwell-Phillipps,Fairy Tale / Folklore / Fiction,NA,NA,NA,NA,NA,NA,NA,NA,NA,Very Short (< 150 pages),NA,NA
Indian Tales,Rudyard Kipling,Fiction / Narrative Nonfiction / Science Fiction / Historical Fiction / realistic fiction / nonfiction / Fiction in Verse,NA,NA,NA,NA,NA,NA,NA,NA,NA,Medium (300-500 pages),NA,Science Fiction / Adventure
The Enchantress Returns,Chris Colfer,Fairy Tale / Narrative Nonfiction / Science Fiction / Historical Fiction / realistic fiction / nonfiction / Fiction in Verse / Fiction / Fantasy / Folklore,NA,NA,NA,NA,Action,NA,NA,NA,Fantasy Realms,Long (500-700 pages),NA,Science Fiction / Fantasy / Adventure / Family Dynamics / Humor
The mitten,Jan Brett,Fiction / Folklore / Fairy Tale,NA,NA,NA,NA,NA,NA,NA,NA,NA,Very Short (< 150 pages),NA,NA
A Dog of Flanders,Ouida,Fiction / Narrative Nonfiction / Science Fiction / Historical Fiction / realistic fiction / nonfiction / Fiction in Verse / Folklore / Legend,NA,NA,NA,NA,NA,NA,NA,NA,NA,NA,NA,Science Fiction / Friendship
Anansi the Spider,Gerald McDermott,Legend / Folklore / Fiction,NA,NA,NA,NA,NA,NA,NA,NA,NA,NA,NA,NA
The hero with a thousand faces,Joseph Campbell,mythology / Legend / Fairy Tale / Folklore,NA,NA,Hero,NA,NA,NA,NA,NA,NA,Medium (300-500 pages),NA,NA
Scarlet,Marissa Meyer,Fiction / Science Fiction / Narrative Nonfiction / Historical Fiction / realistic fiction / nonfiction / Fiction in Verse / Fairy Tale / Folklore,NA,NA,NA,NA,NA,NA,NA,NA,NA,Short (150-300 pages),NA,Science Fiction
The Red Fairy Book (Large Print),Andrew Lang,Fairy Tale / Folklore / Fantasy / Fiction,NA,NA,NA,NA,NA,NA,NA,NA,NA,NA,NA,Fantasy
The Blue Fairy Book,Andrew Lang,Fairy Tale / Folklore / Fantasy / Fiction,NA,NA,NA,NA,NA,NA,NA,NA,NA,Medium (300-500 pages),NA,Fantasy
The Siren,Kiera Cass,mythology / Narrative Nonfiction / Science Fiction / Historical Fiction / realistic fiction / nonfiction / Fiction in Verse / Fiction / Fantasy / Fairy Tale / Folklore,NA,NA,NA,NA,NA,NA,NA,Love them,Fantasy Realms,NA,NA,Science Fiction / Love / Romance / Fantasy
Bad Feminist,Roxane Gay,Essay / nonfiction / Fiction / Folklore / mythology,NA,NA,NA,NA,NA,NA,NA,NA,NA,NA,NA,NA
Fablehaven,Brandon Mull,Folklore / Narrative Nonfiction / Science Fiction / Historical Fiction / realistic fiction / nonfiction / Fiction in Verse / Fiction / Fantasy / Fable,NA,NA,NA,NA,NA,NA,NA,NA,Fantasy Realms,Medium (300-500 pages),NA,Science Fiction / Fantasy / Family Dynamics
Mexican Gothic,Silvia Moreno-Garcia,Fiction / Narrative Nonfiction / Science Fiction / Historical Fiction / realistic fiction / nonfiction / Fiction in Verse / Horror,NA,NA,NA,NA,NA,NA,NA,NA,Historical,NA,NA,Historical / Science Fiction / Horror
Dhalgren,Samuel R. Delany,Narrative Nonfiction / Science Fiction / Historical Fiction / realistic fiction / nonfiction / Fiction in Verse / Fiction / Folklore,NA,NA,NA,NA,NA,NA,NA,NA,NA,NA,NA,Science Fiction
Heartless,Marissa Meyer,Fantasy / Narrative Nonfiction / Science Fiction / Historical Fiction / realistic fiction / nonfiction / Fiction in Verse / Fiction / Fairy Tale / Folklore,NA,NA,NA,NA,NA,NA,NA,Love them,Fantasy Realms,Long (500-700 pages),NA,Fantasy / Science Fiction / Love / Romance
Just so stories for little children. Stalky & Co.,Rudyard Kipling,Narrative Nonfiction / Science Fiction / Historical Fiction / realistic fiction / nonfiction / Fiction in Verse / Fiction / Folklore / Legend,NA,NA,NA,NA,NA,NA,NA,NA,NA,NA,NA,Science Fiction
How the King of Elfhame Learned to Hate Stories,Holly Black,Fiction / Fantasy / Fairy Tale / Folklore,Dark,NA,NA,NA,NA,NA,NA,NA,NA,NA,NA,Fantasy
The rough-face girl,Rafe Martin,Folklore / Legend / Fiction / Fairy Tale,NA,NA,NA,NA,NA,NA,NA,NA,NA,NA,NA,NA
The way to rainy mountain,N. Scott Momaday,Folklore / mythology / Legend / Drama,NA,NA,NA,NA,NA,NA,NA,NA,NA,NA,NA,NA
The Olive Fairy Book (Complete & Unabridged),Andrew Lang,Fairy Tale / Narrative Nonfiction / Science Fiction / Historical Fiction / realistic fiction / nonfiction / Fiction in Verse / Fiction / Folklore / Fantasy,NA,NA,NA,NA,NA,NA,NA,NA,NA,NA,NA,Science Fiction / Fantasy
Men of Iron,Howard Pyle,Fiction,NA,NA,NA,NA,NA,NA,NA,NA,NA,NA,NA,NA
The Daughter of Time,Josephine Tey,Narrative Nonfiction / Science Fiction / Historical Fiction / realistic fiction / nonfiction / Fiction in Verse / Fiction / Mystery,NA,NA,NA,NA,NA,NA,NA,NA,Historical,NA,NA,Science Fiction / Historical
History,Herodotus,Science Fiction / Essay / Narrative Nonfiction / Historical Fiction / realistic fiction / nonfiction / Fiction in Verse / Fiction / Poetry,NA,NA,Hero,NA,NA,NA,NA,NA,NA,Long (500-700 pages),NA,Science Fiction
?????? ??????,Boris Leonidovich Pasternak,Narrative Nonfiction / Science Fiction / Historical Fiction / realistic fiction / nonfiction / Fiction in Verse / Fiction / Poetry,NA,Fast,NA,NA,NA,NA,NA,NA,Historical,Long (500-700 pages),NA,Science Fiction / Historical / Love / Romance
The Man in the Brown Suit,Agatha Christie,Narrative Nonfiction / Science Fiction / Historical Fiction / realistic fiction / nonfiction / Fiction in Verse / Fiction / Mystery,NA,NA,NA,NA,NA,NA,NA,NA,NA,NA,NA,Science Fiction / Mystery / Thriller / Adventure
Lady Susan,Jane Austen,Narrative Nonfiction / Science Fiction / Historical Fiction / realistic fiction / nonfiction / Fiction in Verse / Fiction,NA,NA,NA,NA,NA,NA,NA,NA,NA,NA,NA,Science Fiction
The Book Thief,Markus Zusak,Narrative Nonfiction / Science Fiction / Historical Fiction / realistic fiction / nonfiction / Fiction in Verse / Fiction,NA,Fast,NA,NA,NA,NA,NA,NA,Historical,NA,NA,Science Fiction / Historical
Poirot investigates,Agatha Christie,Mystery / Narrative Nonfiction / Science Fiction / Historical Fiction / realistic fiction / nonfiction / Fiction in Verse / Fiction,NA,NA,NA,NA,NA,NA,NA,NA,Historical,NA,NA,Science Fiction / Historical / Mystery / Thriller / Love / Romance
"Works [37 plays, 6 poems, sonnets]",William Shakespeare,Drama / Poetry / Fiction / Narrative Nonfiction / Science Fiction / Historical Fiction / realistic fiction / nonfiction / Fiction in Verse / Biography / Autobiography / Legend,Dramatic / Playful,NA,Hero / Antihero,Sad,NA,NA,NA,Love them,NA,NA,NA,Science Fiction / Survival / Love / Romance
The Secret of Chimneys,Agatha Christie,Narrative Nonfiction / Science Fiction / Historical Fiction / realistic fiction / nonfiction / Fiction in Verse / Fiction / Mystery,NA,NA,NA,NA,NA,NA,NA,NA,Historical,NA,NA,Science Fiction / Mystery / Thriller / Historical
The Da Vinci Code,Dan Brown,Fiction / Mystery / Narrative Nonfiction / Science Fiction / Historical Fiction / realistic fiction / nonfiction / Fiction in Verse,Suspenseful,NA,NA,NA,NA,NA,NA,NA,Historical,Long (500-700 pages),NA,Adventure / Historical / Mystery / Thriller / Science Fiction
"The Complete Sherlock Holmes [4 novels, 56 stories]",Arthur Conan Doyle,Fiction / Mystery / Narrative Nonfiction / Science Fiction / Historical Fiction / realistic fiction / nonfiction / Fiction in Verse,Dark,NA,NA,NA,Action,NA,NA,NA,Historical,Epic (700+ pages),NA,Adventure / Science Fiction / Historical
The Science Fiction Hall of Fame -- Volume One,Robert Silverberg,Science Fiction / Fiction,NA,NA,NA,NA,NA,NA,NA,NA,NA,NA,NA,Science Fiction
Great Sf Heinlein Bxs,Robert A. Heinlein,NA,NA,NA,NA,NA,NA,NA,NA,NA,NA,NA,NA,NA
Cryptonomicon,Neal Stephenson,Narrative Nonfiction / Science Fiction / Historical Fiction / realistic fiction / nonfiction / Fiction in Verse / Fiction,NA,NA,NA,NA,Action,NA,NA,NA,Historical,Epic (700+ pages),NA,Science Fiction / Historical / Adventure
Ubik,Philip K. Dick,Narrative Nonfiction / Science Fiction / Historical Fiction / realistic fiction / nonfiction / Fiction in Verse / Fiction,NA,NA,NA,NA,NA,NA,NA,NA,NA,Short (150-300 pages),NA,Science Fiction / Humor
Wild seed,Octavia E. Butler,Fiction / Narrative Nonfiction / Science Fiction / Historical Fiction / realistic fiction / nonfiction / Fiction in Verse / Fantasy,NA,NA,NA,NA,NA,NA,NA,NA,Historical,NA,NA,Science Fiction / Fantasy / Historical
The Illustrated Man,Ray Bradbury,Science Fiction / Fiction / Fantasy / Horror / Narrative Nonfiction / Historical Fiction / realistic fiction / nonfiction / Fiction in Verse,NA,NA,NA,NA,NA,NA,NA,NA,NA,Short (150-300 pages),NA,Science Fiction / Fantasy / Horror
Second Foundation,Isaac Asimov,Narrative Nonfiction / Science Fiction / Historical Fiction / realistic fiction / nonfiction / Fiction in Verse / Fiction,NA,NA,NA,NA,NA,NA,NA,NA,NA,Short (150-300 pages),NA,Science Fiction
The language of the night,Ursula K. Le Guin,Fantasy / Fiction / Science Fiction,NA,NA,NA,NA,NA,NA,NA,NA,NA,NA,NA,Fantasy / Science Fiction
"Mary Shelley's Frankenstein; or, the Modern Prometheus (1818 text)",Mary Shelley,Fiction / Horror / Narrative Nonfiction / Science Fiction / Historical Fiction / realistic fiction / nonfiction / Fiction in Verse,NA,NA,NA,NA,NA,NA,NA,NA,NA,Short (150-300 pages),NA,Horror / Science Fiction
The Foundation Trilogy,Isaac Asimov,Science Fiction / Fiction / Narrative Nonfiction / Historical Fiction / realistic fiction / nonfiction / Fiction in Verse,NA,NA,NA,NA,NA,NA,NA,NA,NA,Long (500-700 pages),NA,Science Fiction
Pandora,William Kern,NA,NA,NA,NA,NA,NA,NA,NA,NA,NA,NA,NA,NA
Foundation and Empire,Isaac Asimov,Narrative Nonfiction / Science Fiction / Historical Fiction / realistic fiction / nonfiction / Fiction in Verse / Fiction,NA,NA,NA,NA,NA,NA,NA,NA,NA,Medium (300-500 pages),NA,Science Fiction
Neuromancer,William Gibson,Narrative Nonfiction / Science Fiction / Historical Fiction / realistic fiction / nonfiction / Fiction in Verse / Fiction,NA,NA,NA,NA,NA,NA,NA,NA,NA,Short (150-300 pages),NA,Science Fiction
On The Beach,Nevil Shute,Science Fiction / Fiction / Narrative Nonfiction / Historical Fiction / realistic fiction / nonfiction / Fiction in Verse,Romantic,NA,NA,NA,NA,NA,NA,NA,NA,Medium (300-500 pages),NA,Science Fiction / Love / Romance
2001,Arthur C. Clarke,Narrative Nonfiction / Science Fiction / Historical Fiction / realistic fiction / nonfiction / Fiction in Verse / Fiction,NA,NA,NA,NA,Action,NA,NA,NA,NA,Short (150-300 pages),NA,Science Fiction
"The Lion, the Witch and the Wardrobe",C.S. Lewis,Fantasy / Fiction / Science Fiction / Narrative Nonfiction / Historical Fiction / realistic fiction / nonfiction / Fiction in Verse / Fairy Tale,Grim,NA,NA,NA,Action,NA,NA,NA,Fantasy Realms,Short (150-300 pages),NA,Fantasy / Adventure / Science Fiction / Friendship
Carrie,Stephen King,Fiction / Horror / Narrative Nonfiction / Science Fiction / Historical Fiction / realistic fiction / nonfiction / Fiction in Verse,NA,NA,NA,Sad,NA,NA,NA,NA,NA,NA,NA,Horror / Science Fiction / Mystery / Thriller
Genji monogatari,Murasaki Shikibu,Narrative Nonfiction / Science Fiction / Historical Fiction / realistic fiction / nonfiction / Fiction in Verse / Fiction,NA,NA,NA,NA,NA,NA,NA,NA,Historical,NA,NA,Science Fiction / Historical / Love / Romance
The book of the damned,Charles Fort,Science Fiction / Fiction,NA,NA,NA,NA,NA,NA,NA,NA,NA,Short (150-300 pages),NA,Science Fiction
The Iron Heel,Jack London,Fiction / Science Fiction,NA,NA,NA,NA,NA,NA,NA,NA,Historical,Short (150-300 pages),NA,Science Fiction / Historical
????????,Vatsya?yana,NA,NA,NA,NA,NA,NA,NA,NA,NA,NA,NA,NA,NA
Magical realist fiction,"Young, David",Fantasy / Fiction,NA,NA,NA,NA,NA,NA,NA,NA,NA,Long (500-700 pages),NA,Fantasy
Write your own realistic fiction stories,Tish Farrell,Narrative Nonfiction / Science Fiction / Historical Fiction / realistic fiction / nonfiction / Fiction in Verse / Fiction,NA,NA,NA,NA,NA,NA,NA,NA,NA,Very Short (< 150 pages),NA,Science Fiction
Realistic Fiction,Alexandria Wiesel,NA,NA,NA,NA,NA,NA,NA,NA,NA,NA,NA,NA,NA
Realistic Fiction II,Benchmark Education Company,Fiction,NA,NA,NA,NA,NA,NA,NA,NA,NA,NA,NA,NA
Realistic Fiction I,Benchmark Education Company,Fiction,NA,NA,NA,NA,NA,NA,NA,NA,NA,NA,NA,NA
Writing realistic fiction,M. Colleen Cruz,NA,NA,NA,NA,NA,NA,NA,NA,NA,NA,NA,NA,NA
Historical and Realistic Fiction,Benchmark Education Company,Fiction,NA,NA,NA,NA,NA,NA,NA,NA,NA,NA,NA,NA
Write your own realistic fiction story,Tish Farrell,Narrative Nonfiction / Science Fiction / Historical Fiction / realistic fiction / nonfiction / Fiction in Verse / Fiction,NA,NA,NA,NA,NA,NA,NA,NA,NA,Very Short (< 150 pages),NA,Science Fiction
Rafi's Secret (Realistic Fiction),Claudia Lee & Yanitzia Canetti,NA,NA,NA,NA,NA,NA,NA,NA,NA,NA,NA,NA,NA
Realistic Fiction School Stories,Wilmington Academy,Fiction,NA,NA,NA,NA,NA,NA,NA,NA,NA,NA,NA,Adventure
How to Write Realistic Fiction,Lizann Flatt,NA,NA,NA,NA,NA,NA,NA,NA,NA,NA,NA,NA,NA
A Look at Realistic Fiction,HELEN HOFFNER,Narrative Nonfiction / Science Fiction / Historical Fiction / realistic fiction / nonfiction / Fiction in Verse / Fiction,NA,NA,NA,NA,NA,NA,NA,NA,NA,Very Short (< 150 pages),NA,Science Fiction
Dilemma,Elizabet Taylor,NA,NA,NA,NA,NA,NA,NA,NA,NA,NA,NA,NA,NA
Narration and discourse in American realistic fiction,Janet Holmgren McKay,Fiction,NA,NA,NA,NA,NA,NA,NA,NA,NA,Short (150-300 pages),NA,NA
Cow's Lunch (Realistic Fiction; Visualize),Nathan Jarvis,NA,NA,NA,NA,NA,NA,NA,NA,NA,NA,NA,NA,NA
Good Cat! (Realistic Fiction; Pets),Cristina Reyes,NA,NA,NA,NA,NA,NA,NA,NA,NA,NA,NA,NA,NA
Aspects of modern realistic fiction in American,Henry Kreisel,NA,NA,NA,NA,NA,NA,NA,NA,NA,NA,NA,NA,NA
Images of Canadians in children's realistic fiction,Mary Sheila O'Connell,Fiction,NA,NA,NA,NA,NA,NA,NA,NA,NA,NA,NA,NA
The Pictures (Realistic Fiction; Family Time),Carlos Ramos,NA,NA,NA,NA,NA,NA,NA,NA,NA,NA,NA,NA,NA
Micaela's New Friend (Realistic Fiction; Mentors),Claudia M. Lee,NA,NA,NA,NA,NA,NA,NA,NA,NA,NA,NA,NA,NA
School Star (Realistic Fiction; School Days),Christine Keighery,NA,NA,NA,NA,NA,NA,NA,NA,NA,NA,NA,NA,NA
Realist fiction and the strolling spectator,John Rignall,Fiction,NA,NA,NA,NA,NA,NA,NA,NA,NA,NA,NA,NA
Language and Gender in American Realist Fiction,Elsa Nettles,Fiction,NA,NA,NA,NA,NA,NA,NA,NA,NA,NA,NA,NA
The Show (Realistic Fiction; Sing and Dance!),Ellen Catala,NA,NA,NA,NA,NA,NA,NA,NA,NA,NA,Very Short (< 150 pages),NA,NA
Broken Silence,Muhammad Nadeem,NA,NA,NA,NA,NA,NA,NA,NA,NA,NA,NA,NA,NA
Amy's Airplane (Realistic Fiction; Cause and Effect),Cass Hollander,NA,NA,NA,NA,NA,NA,NA,NA,NA,NA,NA,NA,NA
Make a Birdhouse (Realistic Fiction; Let's Build),Sunita Apte,NA,NA,NA,NA,NA,NA,NA,NA,NA,NA,NA,NA,NA
A Puppy for Rosa (Realistic Fiction; Pets),Julia Diago,NA,NA,NA,NA,NA,NA,NA,NA,NA,NA,NA,NA,NA
Nana's House (Realistic Fiction; Sequence of Events),Marisol Diaz,NA,NA,NA,NA,NA,NA,NA,NA,NA,NA,NA,NA,NA
A Fair Trade (Realistic Fiction; Smart Thinking),Nan Walker,NA,NA,NA,NA,NA,NA,NA,NA,NA,NA,NA,NA,NA
How to Write Realistic Fiction (Text Styles),Lizann Flatt,Narrative Nonfiction / Science Fiction / Historical Fiction / realistic fiction / nonfiction / Fiction in Verse / Fiction,Romantic,NA,NA,NA,NA,NA,NA,NA,NA,Very Short (< 150 pages),NA,Science Fiction / Love / Romance
Teaching Young Writers to Craft Realistic Fiction,Jenny Mechem Bender,NA,NA,NA,NA,NA,NA,NA,NA,NA,NA,NA,NA,NA
Mai And Fred (Realistic Fiction; Rescue Dogs),Katherine Talmadge Salle,NA,NA,NA,NA,NA,NA,NA,NA,NA,NA,NA,NA,NA
Playing With Sam (Realistic Fiction; Our Families),Emily Banks,NA,NA,NA,NA,NA,NA,NA,NA,NA,NA,NA,NA,NA
Realist Fiction and the Strolling Spectator (Routledge Revivals),John Rignall,Fiction,NA,NA,NA,NA,NA,NA,NA,NA,NA,NA,NA,NA
American Realist Fictions of Marriage,Kelli V. Randall,Fiction,NA,NA,NA,NA,NA,NA,NA,NA,NA,NA,NA,NA
"Ramona Quimby, Age 8",Beverly Cleary,Narrative Nonfiction / Science Fiction / Historical Fiction / realistic fiction / nonfiction / Fiction in Verse / Fiction,NA,NA,NA,NA,NA,NA,NA,Realistic,NA,NA,NA,Humor / Family Dynamics / Science Fiction
Engineering Stories,Kenneth R Hardman,NA,NA,NA,NA,NA,NA,NA,NA,NA,NA,NA,NA,NA
The Family Farm (Realistic Fiction; The Caribbean Islands),Yanitzia Canetti,NA,NA,NA,NA,NA,NA,NA,NA,NA,NA,NA,NA,NA
"The Beautiful Butterfly (Realistic Fiction; Bugs, Bugs, Bugs!)",Nancy J. Nielsen,NA,NA,NA,NA,NA,NA,NA,NA,NA,NA,NA,NA,NA
A Maidu Home (Realistic Fiction; The Old West),Becky Cheston,NA,NA,NA,NA,NA,NA,NA,NA,NA,NA,NA,NA,NA
Elephants in Africa (Realistic Fiction; People Helping Animals),Julia Schaffer,NA,NA,NA,NA,NA,NA,NA,NA,NA,NA,NA,NA,NA
Key of Kingdoms,Mackenzie Hickman,NA,NA,NA,NA,NA,NA,NA,NA,NA,NA,Short (150-300 pages),NA,NA
Resonant Alterities,Sylvia Mieszkowski,Fiction,NA,NA,NA,NA,NA,NA,NA,NA,NA,NA,NA,NA
"Breaking the Chain. Women, Theory, and French Realist Fiction",Naomi Schor,Fiction,NA,NA,NA,NA,NA,NA,NA,NA,NA,NA,NA,NA
Egg Teeth,Marisa Gearin,NA,NA,NA,NA,NA,NA,NA,NA,NA,NA,NA,NA,NA
The Bake Sale (Realistic Fiction; Online Leveled Books0,Olive Porter,NA,NA,NA,NA,NA,NA,NA,NA,NA,NA,NA,NA,NA
The Habits of Rabbits (Realistic Fiction; People Helping Animals),Julia Schaffer,NA,NA,NA,NA,NA,NA,NA,NA,NA,NA,NA,NA,NA
Jill Can Tie (Realistic Fiction; I Can do It!),Janine Scott,NA,NA,NA,NA,NA,NA,NA,NA,NA,NA,NA,NA,NA
All is true,Lilian R. Furst,Narrative Nonfiction / Science Fiction / Historical Fiction / realistic fiction / nonfiction / Fiction in Verse / Fiction,Romantic,NA,NA,NA,NA,NA,NA,NA,NA,NA,NA,Science Fiction / Love / Romance
Breaking the Chain,Naomi Schor,Fiction,NA,NA,NA,NA,NA,NA,NA,NA,NA,NA,NA,NA
Henry Huggins,Beverly Cleary,Narrative Nonfiction / Science Fiction / Historical Fiction / realistic fiction / nonfiction / Fiction in Verse / Fiction,NA,NA,NA,NA,NA,NA,NA,Realistic,NA,NA,NA,Friendship / Science Fiction / Humor / Social Issues
Prince and the Pauper,Mark Twain,Narrative Nonfiction / Science Fiction / Historical Fiction / realistic fiction / nonfiction / Fiction in Verse / Fiction / Comic,NA,NA,NA,NA,Action,NA,NA,NA,Historical,NA,NA,Science Fiction / Adventure / Historical
My Sister's Keeper,Jodi Picoult,Narrative Nonfiction / Science Fiction / Historical Fiction / realistic fiction / nonfiction / Fiction in Verse / Fiction,NA,NA,NA,NA,NA,NA,NA,Realistic,NA,NA,NA,Science Fiction / Family Dynamics
The depiction of the physically disabled in preadolescent contemporary realistic fiction,Nancy Carol McKee,Narrative Nonfiction / Science Fiction / Historical Fiction / realistic fiction / nonfiction / Fiction in Verse / Fiction,NA,NA,NA,NA,NA,NA,NA,NA,NA,NA,NA,Science Fiction
Common Core Grades 2-3 Fiction,Benchmark Education Company,Fiction,NA,NA,NA,NA,NA,NA,NA,NA,NA,NA,NA,NA
Gender and representation,Lou Charnon-Deutsch,Fiction,NA,NA,NA,NA,NA,NA,NA,NA,NA,NA,NA,NA
"A comparative analysis of occupations presented in children's realistic fiction, 1950-54 and 1970-74",Janelle A. Paris,NA,NA,NA,NA,NA,NA,NA,NA,NA,NA,NA,NA,NA
The arc of story,Lucy Calkins,NA,NA,NA,NA,NA,NA,NA,NA,NA,NA,NA,NA,NA
Beezus and Ramona,Beverly Cleary,Fiction / realistic fiction / Narrative Nonfiction / Science Fiction / Historical Fiction / nonfiction / Fiction in Verse,NA,NA,NA,NA,Action,NA,NA,Realistic,NA,NA,NA,Humor / Adventure / Family Dynamics / Science Fiction
Setting in the east,David Craig Creelman,Fiction,NA,NA,NA,NA,NA,NA,NA,NA,NA,Short (150-300 pages),NA,NA
Common Core Grades K-1 Fiction,Benchmark Education Company,Fiction,NA,NA,NA,NA,NA,NA,NA,NA,NA,NA,NA,NA
Financial Imaginary,Alison Shonkwiler,Fiction,NA,NA,NA,NA,NA,NA,NA,NA,NA,NA,NA,NA
Images of African American Males in Realistic Fiction Picture Books 1971-1990,Mary Hall,NA,NA,NA,NA,NA,NA,NA,NA,NA,NA,Short (150-300 pages),NA,NA
The Marrow of Tradition,Charles W W. Chestnutt,Narrative Nonfiction / Science Fiction / Historical Fiction / realistic fiction / nonfiction / Fiction in Verse / Fiction,NA,NA,NA,NA,NA,NA,NA,NA,Historical,Long (500-700 pages),NA,Science Fiction / Historical
"Images of African American males in realistic fiction picture books, 1971-1990",Mary Allen Hall,NA,NA,NA,NA,NA,NA,NA,NA,NA,NA,Short (150-300 pages),NA,NA
The Deep End,Jeff Kinney,Fiction / realistic fiction,NA,NA,NA,NA,NA,NA,NA,Realistic,NA,Short (150-300 pages),NA,Humor / Family Dynamics / Friendship / Coming of Age / Adventure
Adolescent girls' personal associations to realistic fiction portrayals of social drinking,Valerie Knight-Williams,NA,NA,NA,NA,NA,NA,NA,NA,NA,NA,NA,NA,NA
"Educator's Companion to Children's Literature : Folklore, Contemporary Realistic Fiction, Fantasy, Biographies, and Tales from Here and There",Sharron L. McElmeel,NA,NA,NA,NA,NA,NA,NA,NA,NA,NA,NA,NA,NA
Captain Tall Tale,Tall Tale,Fiction,NA,NA,NA,NA,NA,NA,NA,NA,NA,NA,NA,NA
American Tall Tales,Adrien Stoutenburg,Folklore,NA,NA,NA,NA,NA,NA,NA,NA,NA,Very Short (< 150 pages),NA,NA
Bone. Tall Tales,Jeff Smith,Tall Tale / Comic / Fantasy / Fiction / Narrative Nonfiction / Science Fiction / Historical Fiction / realistic fiction / nonfiction / Fiction in Verse,NA,NA,NA,NA,NA,NA,NA,NA,Fantasy Realms,NA,NA,Fantasy / Adventure / Science Fiction
Tall tales,Steck-Vaughn Company,Tall Tale / Folklore,NA,NA,NA,NA,NA,NA,NA,NA,NA,Very Short (< 150 pages),NA,NA
Jerry Hall's tall tales,Jerry Hall,Biography / Autobiography,NA,NA,NA,NA,NA,NA,NA,NA,NA,Short (150-300 pages),NA,NA
Ragnar's tall tales,Ragnar Benson,NA,NA,NA,NA,NA,NA,NA,NA,NA,NA,Very Short (< 150 pages),NA,NA
Enjoying Tall Tales,Nancy Polette,Folklore / Tall Tale / Fairy Tale / mythology / Fiction,NA,NA,NA,NA,NA,NA,NA,NA,NA,NA,NA,NA
Tiny tall tales,Ennis Rees,NA,NA,NA,NA,NA,NA,NA,NA,NA,NA,NA,NA,NA
TENERIFE Tall Tales,Tony Thorne MBE,Fiction,NA,NA,NA,NA,NA,NA,NA,NA,NA,NA,NA,NA
Tall tales from Texas,Mody Coggin Boatright,Narrative Nonfiction / Science Fiction / Historical Fiction / realistic fiction / nonfiction / Fiction in Verse / Fiction / Folklore / Legend / Tall Tale,NA,NA,NA,NA,NA,NA,NA,NA,NA,Very Short (< 150 pages),NA,Science Fiction
American tall-tale animals,Adrien Stoutenburg,Fiction / Folklore,NA,NA,NA,NA,NA,NA,NA,NA,NA,NA,NA,NA
Disney's Tigger's tall tales,Victoria Saxon,Narrative Nonfiction / Science Fiction / Historical Fiction / realistic fiction / nonfiction / Fiction in Verse / Fiction,NA,NA,NA,NA,NA,NA,NA,NA,NA,NA,NA,Science Fiction / Friendship
"Captain Tall Tale : How Captain Tall Tale Became Tall, Part",Todd McClain,Fiction / Fantasy,NA,NA,NA,NA,Action,NA,NA,NA,NA,NA,NA,Adventure / Fantasy
Tall Tale,Helgi Valgeirsson,NA,NA,NA,NA,NA,NA,NA,NA,NA,NA,NA,NA,NA
Lies and other tall tales,Christopher Myers,Tall Tale / Folklore / Fiction,NA,NA,NA,NA,NA,NA,NA,NA,NA,Very Short (< 150 pages),NA,NA
Jonah Hex,Justin Gray,Comic / Narrative Nonfiction / Science Fiction / Historical Fiction / realistic fiction / nonfiction / Fiction in Verse / Fiction,NA,NA,NA,NA,NA,NA,NA,NA,NA,NA,NA,Science Fiction
Tall-Tale Math,Elizabeth Hoover,NA,NA,NA,NA,NA,NA,NA,NA,NA,NA,Very Short (< 150 pages),NA,NA
More Tall Tales,Jeff Smith,Comic,NA,NA,NA,NA,NA,NA,NA,NA,NA,NA,NA,NA
Tall tales of America,Irwin Shapiro,NA,NA,NA,NA,NA,NA,NA,NA,NA,NA,NA,NA,NA
Tavern Tall Tales,Andrews Baker D. Buchanan M. Buchanan Cox Goodnight Nalley Pool Thompson,NA,NA,NA,NA,NA,NA,NA,NA,NA,NA,NA,NA,NA
Tall tales from a ranch,Annie M. Boyce,NA,NA,NA,NA,NA,NA,NA,NA,NA,NA,Very Short (< 150 pages),NA,NA
Dawkin,Massimo Marchiano,NA,NA,NA,NA,NA,NA,NA,NA,NA,NA,NA,NA,NA
A Tall Tale,Paul Shipton,NA,NA,NA,NA,NA,NA,NA,NA,NA,NA,NA,NA,NA
Tall tales & short stories,Damien Sin,NA,NA,NA,NA,NA,NA,NA,NA,NA,NA,Very Short (< 150 pages),NA,NA
Short Stories and Tall Tales,Mark Twain,Tall Tale / Narrative Nonfiction / Science Fiction / Historical Fiction / realistic fiction / nonfiction / Fiction in Verse / Fiction,NA,NA,NA,NA,NA,NA,NA,NA,NA,Medium (300-500 pages),NA,Humor / Science Fiction
Kansas tall tales,Geraldine A. Garretson,NA,NA,NA,NA,NA,NA,NA,NA,NA,NA,NA,NA,NA
Tall-tale postcards,Roger L. Welsch,NA,NA,NA,NA,NA,NA,NA,NA,NA,NA,Short (150-300 pages),NA,NA
The Gabby Hayes treasure chest of tall tales,George Hayes,NA,NA,NA,NA,NA,NA,NA,NA,NA,NA,NA,NA,Humor
Tall timber tall tales,Jack Layton,NA,NA,NA,NA,NA,NA,NA,NA,NA,NA,NA,NA,NA
Mike Fink,Steven Kellogg,Folklore / Legend / Tall Tale,NA,NA,NA,NA,NA,NA,NA,NA,NA,NA,NA,NA
Tall tales by a tall Quaker,Emmett W. Gulley,Biography / Autobiography,NA,NA,NA,NA,NA,NA,NA,NA,NA,NA,NA,NA
Tanglewood Tales,Nathaniel Hawthorne,mythology / Narrative Nonfiction / Science Fiction / Historical Fiction / realistic fiction / nonfiction / Fiction in Verse / Fiction,NA,NA,NA,NA,NA,NA,NA,NA,NA,Short (150-300 pages),NA,Science Fiction
Qwilleran's Short and Tall Tales,Lilian Jackson Braun,Narrative Nonfiction / Science Fiction / Historical Fiction / realistic fiction / nonfiction / Fiction in Verse / Fiction,NA,NA,NA,NA,NA,NA,NA,NA,NA,Very Short (< 150 pages),NA,Science Fiction
The new tall tales,Marion Monroe,NA,NA,NA,NA,NA,NA,NA,NA,NA,NA,NA,NA,NA
Tall Tale Stories,Virginia Loh-Hagan,Fiction / Folklore,NA,NA,NA,NA,NA,NA,NA,NA,NA,NA,NA,NA
Tall Tales of the Southwest,Franklin J. Meine,NA,NA,NA,NA,NA,NA,NA,NA,NA,NA,NA,NA,NA
Tall Tale'n and Oratin',Gordon Mackey,NA,NA,NA,NA,NA,NA,NA,NA,NA,NA,Very Short (< 150 pages),NA,NA
The tall tale in American folklore and literature,"Brown, Carolyn S.",Folklore / Tall Tale,NA,NA,NA,NA,NA,NA,NA,NA,NA,NA,NA,Humor
"The life of Olaudah Equiano, or Gustavus Vassa, the African",Olaudah Equiano,Biography / Autobiography / Narrative Nonfiction / nonfiction / Fiction,NA,NA,NA,NA,NA,NA,NA,NA,Historical,NA,NA,Historical
Encounter,Rebecca Langston-George,NA,NA,NA,NA,NA,NA,NA,NA,NA,NA,NA,NA,NA
Helen Thayer's Arctic Adventure (Narrative Nonfiction: Narrative Nonfiction),Sally Isaacs,NA,NA,NA,NA,NA,NA,NA,NA,NA,NA,NA,NA,NA
For the Right to Learn (Narrative Nonfiction: Narrative Nonfiction),Rebecca Langston-George,NA,NA,NA,NA,NA,NA,NA,NA,NA,NA,NA,NA,NA
Narrative Nonfiction Picture,Eric Braun,NA,NA,NA,NA,NA,NA,NA,NA,NA,NA,NA,NA,NA
Writing Notable Narrative Nonfiction,Sue Vander Hook,nonfiction / Fiction,NA,NA,NA,NA,NA,NA,NA,NA,NA,Very Short (< 150 pages),NA,NA
Encounter - Narrative Nonfiction Picture,Eric Braun,NA,NA,NA,NA,NA,NA,NA,NA,NA,NA,NA,NA,NA
The Raven,Edgar Allan Poe,Poetry / Fantasy / nonfiction / Fiction,NA,NA,NA,NA,NA,NA,NA,NA,NA,Very Short (< 150 pages),NA,Fantasy
Neil and Nan build narrative nonfiction,Andrea Pelleschi,nonfiction / Fiction,NA,NA,NA,NA,NA,NA,NA,NA,NA,Very Short (< 150 pages),NA,NA
Discoveries - a Collection of Narrative Non-Fiction,Daniel Sandoval,NA,NA,NA,NA,NA,NA,NA,NA,NA,NA,NA,NA,NA
Storycraft,Jack Hartman,nonfiction / Fiction,NA,NA,NA,NA,NA,NA,NA,NA,NA,Short (150-300 pages),NA,NA
The elements of narrative nonfiction,Peter Rubie,NA,NA,NA,NA,NA,NA,NA,NA,NA,NA,NA,NA,NA
Ten Days That Shook the World,John Reed,Narrative Nonfiction / nonfiction / Fiction,NA,Fast,NA,NA,NA,NA,NA,NA,NA,NA,NA,NA
Bare elements,Summer Book Collective,nonfiction / Fiction,NA,NA,NA,NA,NA,NA,NA,NA,NA,Short (150-300 pages),NA,NA
Captivity and Restoration,Mary White Rowlandson,Narrative Nonfiction / nonfiction / Fiction / Biography / Autobiography,NA,Fast,NA,NA,NA,NA,NA,NA,NA,Very Short (< 150 pages),NA,NA
"A child called ""it""",David J. Pelzer,Biography / Autobiography / nonfiction / Fiction,NA,NA,NA,NA,NA,NA,NA,NA,NA,Short (150-300 pages),NA,Family Dynamics
Help Me! (Thorndike Press Large Print Popular and Narrative Nonfiction Series),Marianne Power,NA,NA,NA,NA,NA,Character development,NA,NA,NA,NA,NA,NA,NA
"Storycraft, Second Edition",Jack Hart,NA,NA,NA,NA,NA,NA,NA,NA,NA,NA,NA,NA,NA
"China, America, and Me",John Lee,NA,NA,NA,NA,NA,NA,NA,NA,NA,NA,NA,NA,NA
Telling the story,Peter Rubie,NA,NA,NA,NA,NA,NA,NA,NA,NA,NA,Short (150-300 pages),NA,NA
The Complete Maus,Art Spiegelman,Comic / Biography / Autobiography / nonfiction / Fiction / Horror,NA,NA,NA,NA,NA,NA,NA,NA,NA,Short (150-300 pages),NA,Horror
From Me to We,Jason Griffith,nonfiction / Fiction,NA,NA,NA,NA,NA,NA,NA,NA,NA,Very Short (< 150 pages),NA,NA
To tell the truth,Connie Griffin,NA,NA,NA,NA,NA,NA,NA,NA,NA,NA,NA,NA,NA
Experiments with Truth - Narrative Non-Fiction and the Coming of Democracy in South Africa,Hedley Twidle,nonfiction / Fiction,NA,NA,NA,NA,NA,NA,NA,NA,NA,NA,NA,NA
Telling True Stories,Matthew Ricketson,NA,NA,NA,NA,NA,NA,NA,NA,NA,NA,Short (150-300 pages),NA,NA
The Glass Castle,Jeannette Walls,nonfiction / Fiction / Biography / Autobiography / Science Fiction / Narrative Nonfiction / Historical Fiction / realistic fiction / Fiction in Verse,NA,NA,NA,NA,NA,NA,NA,NA,NA,Medium (300-500 pages),Concise & Straightforward,Science Fiction / Survival
A Long Way Gone,Ishmael Beah,Biography / Autobiography / nonfiction / Fiction,NA,Fast,NA,NA,NA,NA,NA,NA,NA,Medium (300-500 pages),NA,NA
Boy and the Big White Rock,Jerome Mark Antil,NA,NA,NA,NA,NA,NA,NA,NA,NA,NA,NA,NA,NA
South: the story of Shackleton's 1914-1917 expedition,Sir Ernest Henry Shackleton,Narrative Nonfiction / nonfiction / Fiction,NA,Fast,NA,NA,NA,NA,NA,NA,Nature-based / Wilderness Adventure,NA,NA,Adventure / Survival
The Shepherd's Life: Modern Dispatches from an Ancient Landscape (Thorndike Press Large Print Popular & Narrative Nonfiction),James Rebanks,Biography / Autobiography,NA,NA,NA,NA,NA,NA,NA,NA,NA,Medium (300-500 pages),NA,NA
How I Started A Clothing Drive [Text Connections Narrative Nonfiction Level I/15 Lexile 280L],Max Francis,NA,NA,NA,NA,NA,NA,NA,NA,NA,NA,NA,NA,NA
Experiments with Truth,Hedley Twidle,NA,NA,NA,NA,NA,NA,NA,NA,NA,NA,NA,NA,NA
The Noonday Demon,Andrew Solomon,nonfiction / Fiction,NA,NA,NA,NA,NA,NA,NA,NA,NA,Long (500-700 pages),NA,NA
Wasted,Marya Hornbacher,Biography / Autobiography / Narrative Nonfiction / nonfiction / Fiction,NA,NA,NA,NA,NA,NA,NA,NA,NA,Medium (300-500 pages),NA,NA
Testament of youth,Vera Brittain,Biography / Autobiography,NA,Fast,NA,NA,NA,NA,NA,NA,NA,Long (500-700 pages),Concise & Straightforward,NA
The Worst Journey in the World,Apsley Cherry-Garrard,Science Fiction / Narrative Nonfiction / nonfiction / Fiction,NA,NA,NA,NA,NA,NA,NA,NA,Nature-based / Wilderness Adventure,Long (500-700 pages),NA,Justice / Law / Science Fiction
Persepolis,Marjane Satrapi,Comic / nonfiction / Fiction / Biography / Autobiography / Narrative Nonfiction,NA,Fast,NA,NA,NA,NA,NA,NA,NA,NA,Concise & Straightforward,Coming of Age
The lost boy,David J. Pelzer,Biography / Autobiography / Narrative Nonfiction / nonfiction / Fiction / Science Fiction / Historical Fiction / realistic fiction / Fiction in Verse,NA,NA,NA,NA,NA,NA,NA,NA,NA,NA,NA,Science Fiction
Essential Russell Martin,Russell Martin,NA,NA,NA,NA,NA,NA,NA,NA,NA,NA,NA,NA,NA
A week on the Concord and Merrimack Rivers,Henry David Thoreau,Narrative Nonfiction / Science Fiction / Historical Fiction / realistic fiction / nonfiction / Fiction in Verse / Fiction / Essay,NA,NA,NA,NA,NA,NA,NA,NA,Nature-based / Wilderness Adventure / Big cities / Urban Life,Medium (300-500 pages),NA,Science Fiction
How to Write a Bestseller,Tilar J. Mazzeo,NA,NA,NA,NA,NA,NA,NA,NA,NA,NA,NA,NA,NA
Gifted hands,Ben Carson,Narrative Nonfiction / nonfiction / Fiction / Biography / Autobiography,NA,NA,NA,NA,NA,NA,NA,NA,NA,Short (150-300 pages),NA,NA
Crying in H Mart,Michelle Zauner,Biography / Autobiography / nonfiction / Fiction / Essay,NA,Fast,NA,NA,NA,NA,NA,NA,NA,NA,NA,Grief / Loss
Dreaming of Amerika,Gabe G. Kubichek,Biography / Autobiography,NA,NA,NA,NA,NA,NA,NA,NA,NA,Medium (300-500 pages),NA,NA
"Seven pillars of wisdom, a triumph",T. E. Lawrence,Biography / Autobiography / Narrative Nonfiction / nonfiction / Fiction / Historical Fiction,NA,NA,NA,NA,NA,NA,NA,NA,Historical,NA,NA,Historical
A million little pieces,James Frey,Narrative Nonfiction / nonfiction / Fiction / Biography / Autobiography,NA,NA,NA,NA,NA,NA,NA,NA,NA,NA,NA,NA
The Best We Could Do,Thi Bui,Biography / Autobiography / Comic / Narrative Nonfiction / nonfiction / Fiction,NA,NA,NA,NA,NA,NA,NA,NA,NA,Medium (300-500 pages),NA,NA
Extreme ownership,Jocko Willink,Biography / Autobiography / nonfiction / Fiction,NA,NA,NA,NA,NA,NA,NA,NA,NA,NA,NA,NA
Bravo Two Zero,Andy McNab,Narrative Nonfiction / nonfiction / Fiction,NA,NA,NA,NA,NA,NA,NA,NA,NA,NA,NA,NA
Man's Search for Meaning [adaptation],Viktor E. Frankl,nonfiction / Fiction,NA,NA,NA,NA,NA,NA,NA,NA,Historical,NA,NA,Historical
Zlatin dnevnik,Zlata Filipovic?,Narrative Nonfiction / nonfiction / Fiction,NA,NA,NA,NA,NA,NA,NA,NA,NA,Short (150-300 pages),NA,NA
Poems and Prose,Edgar Allan Poe,Poetry / Fantasy / nonfiction / Fiction,NA,NA,NA,NA,NA,NA,NA,NA,NA,Short (150-300 pages),NA,Fantasy / Grief / Loss
George Orwell's non-fiction narratives,Jacinta Maria Cunha Da Rosa Matos,NA,NA,NA,NA,NA,NA,NA,NA,NA,NA,NA,NA,NA
Army Life in a Black Regiment,Thomas Wentworth Higginson,Biography / Autobiography / Narrative Nonfiction / nonfiction / Fiction,NA,Fast,NA,NA,NA,NA,NA,NA,NA,Medium (300-500 pages),NA,NA
Terror in three-quarter time,Y. A. Yoler,NA,NA,NA,NA,NA,NA,NA,NA,NA,NA,NA,NA,NA
Non-fictional narratives,Leon Van Schaik,NA,NA,NA,NA,NA,NA,NA,NA,NA,NA,NA,NA,NA
Born on the Fourth of July,Ron Kovic,Narrative Nonfiction / nonfiction / Fiction / Drama,Dramatic,Fast,NA,NA,NA,NA,NA,NA,NA,NA,NA,NA
The gentlemen of 16 July,Rene? Louis Maurice,Biography / Autobiography / Fiction,NA,NA,NA,NA,NA,NA,NA,NA,NA,NA,NA,NA
Sea of Cortez,John Steinbeck,Narrative Nonfiction / nonfiction / Fiction,NA,NA,NA,NA,NA,NA,NA,NA,NA,NA,NA,Adventure
Non-Fiction Writer's Guide,Bill Vincent,NA,NA,NA,NA,NA,NA,NA,NA,NA,NA,NA,NA,NA
The Anatomy Of Narrative,Deborah L. Hall,NA,NA,NA,NA,NA,NA,NA,NA,NA,NA,NA,NA,NA
Narrative Paths,Kai Mikkonen,Fiction,NA,NA,NA,NA,NA,NA,NA,NA,NA,NA,NA,NA
Rev up Your Writing in Nonfiction Narratives,Julia Garstecki,NA,NA,NA,NA,NA,NA,NA,NA,NA,NA,NA,NA,NA
Narrative art in Victorian nonfiction,Julia Amelia Smith,NA,NA,NA,NA,NA,NA,NA,NA,NA,NA,NA,NA,NA
Joseph Woodward's Collection of Historical Non-Fiction Narratives,Joseph Woodward,NA,NA,NA,NA,NA,NA,NA,NA,NA,NA,NA,NA,NA
Are you my mother?,Alison Bechdel,Comic / Biography / Autobiography / nonfiction / Fiction,Romantic,NA,NA,NA,NA,NA,NA,NA,NA,NA,NA,Love / Romance / Humor
Nonfiction reading and writing workshops,Stephanie Harvey,NA,NA,NA,NA,NA,NA,NA,NA,NA,NA,Very Short (< 150 pages),NA,NA
With the Old Breed,E.B. Sledge,Narrative Nonfiction / nonfiction / Fiction / Biography / Autobiography,NA,NA,NA,NA,NA,NA,NA,NA,NA,Medium (300-500 pages),NA,NA
Navigating Nonfiction in Narrative and Hybrid Text (Volume 2),Kathleen Tolan Lucy Calkins,NA,NA,NA,NA,NA,NA,NA,NA,NA,NA,NA,NA,NA
How to cyberbully your teacher : a non-fiction narrative,Daniel Curzon,NA,NA,NA,NA,NA,NA,NA,NA,NA,NA,NA,NA,NA
An analysis of narrative and voice in creative nonfiction,Michael C. Pickett,nonfiction / Fiction,NA,NA,NA,NA,NA,NA,NA,NA,NA,NA,NA,NA
Personal Memoirs of U. S. Grant,Ulysses S. Grant,Biography / Autobiography / Narrative Nonfiction / nonfiction / Fiction,NA,Fast,NA,NA,NA,NA,NA,NA,NA,Long (500-700 pages),NA,NA
"Great Tales and Poems of Edgar Allan Poe [21 stories, 34 poems]",Edgar Allan Poe,Poetry / Fantasy / nonfiction / Fiction / Horror / Mystery / Narrative Nonfiction / Science Fiction / Historical Fiction / realistic fiction / Fiction in Verse / short story,NA,NA,Hero,NA,NA,NA,NA,NA,NA,Medium (300-500 pages),NA,Grief / Loss / Fantasy / Horror / Science Fiction
Reno's axle,Beth Miramon,NA,NA,NA,NA,NA,NA,NA,NA,NA,NA,Short (150-300 pages),NA,NA
Chickenhawk,"Mason, Robert",Biography / Autobiography / Narrative Nonfiction / nonfiction / Fiction,NA,NA,NA,NA,NA,NA,NA,NA,NA,Medium (300-500 pages),NA,NA
The boy on the wooden box,Leon Leyson,Biography / Autobiography / nonfiction / Fiction,NA,NA,NA,NA,NA,NA,NA,NA,NA,NA,NA,NA
Masculinity in Vietnam War narratives,Brenda M. Boyle,NA,NA,NA,NA,NA,NA,NA,NA,NA,NA,Short (150-300 pages),NA,NA
Narrative fiction,Shlomith Rimmon-Kenan,Narrative Nonfiction / nonfiction / Fiction / Science Fiction / Historical Fiction / realistic fiction / Fiction in Verse,NA,NA,NA,NA,NA,NA,NA,NA,NA,NA,No preferences,Science Fiction
Teaching Thinking Skills Using Non-Fiction Narratives 7-8 Grades,Donald L. Barnes,NA,NA,NA,NA,NA,NA,NA,NA,NA,NA,Short (150-300 pages),NA,NA
Complete Stories and Poems of Edgar Allan Poe,Edgar Allan Poe,Poetry / Fantasy / nonfiction / Fiction / Horror / Mystery / Narrative Nonfiction / Science Fiction / Historical Fiction / realistic fiction / Fiction in Verse / short story,Suspenseful,NA,Hero,NA,NA,NA,NA,NA,NA,Epic (700+ pages),NA,Fantasy / Grief / Loss / Horror / Science Fiction
Works (Awakening / Beyond the Bayou / Desiree's Baby / Kiss / Locket / Ma'ame Pelagie / Pair of Silk Stockings / Reflection / Respectable Woman),Kate Chopin,short story / Narrative Nonfiction / Science Fiction / Historical Fiction / realistic fiction / nonfiction / Fiction in Verse / Fiction,NA,NA,NA,NA,NA,NA,NA,NA,NA,NA,NA,Science Fiction
"I, Robot",Isaac Asimov,Science Fiction / Fiction / Narrative Nonfiction / Historical Fiction / realistic fiction / nonfiction / Fiction in Verse,Romantic,NA,NA,NA,NA,NA,NA,NA,NA,Short (150-300 pages),NA,Science Fiction / Mystery / Thriller / Love / Romance
The Complete Short Stories of Ernest Hemingway,Ernest Hemingway,Drama / Narrative Nonfiction / Science Fiction / Historical Fiction / realistic fiction / nonfiction / Fiction in Verse / Fiction,Dramatic,NA,NA,NA,NA,NA,NA,NA,NA,Medium (300-500 pages),NA,Science Fiction / Adventure
Breakfast at Tiffany's,Truman Capote,Narrative Nonfiction / Science Fiction / Historical Fiction / realistic fiction / nonfiction / Fiction in Verse / Fiction,NA,NA,NA,NA,NA,NA,NA,NA,NA,Short (150-300 pages),NA,Science Fiction / Friendship / Coming of Age
"The Complete Sherlock Holmes [4 novels, 56 stories]",Arthur Conan Doyle,Fiction / Mystery / Narrative Nonfiction / Science Fiction / Historical Fiction / realistic fiction / nonfiction / Fiction in Verse,Dark,NA,NA,NA,Action,NA,NA,NA,Historical,Epic (700+ pages),NA,Adventure / Science Fiction / Historical
"Goodbye, Columbus and five short stories",Philip Roth,Narrative Nonfiction / Science Fiction / Historical Fiction / realistic fiction / nonfiction / Fiction in Verse / Fiction,NA,NA,NA,NA,NA,NA,NA,NA,NA,Short (150-300 pages),NA,Science Fiction
Just So Stories,Rudyard Kipling,Narrative Nonfiction / Science Fiction / Historical Fiction / realistic fiction / nonfiction / Fiction in Verse / Fiction / Legend,NA,NA,NA,NA,Action,NA,NA,NA,NA,NA,NA,Science Fiction / Adventure
Collected short stories,William Somerset Maugham,Narrative Nonfiction / Science Fiction / Historical Fiction / realistic fiction / nonfiction / Fiction in Verse / Fiction,NA,NA,NA,NA,NA,NA,NA,NA,NA,Medium (300-500 pages),NA,Science Fiction
The Clocks,Agatha Christie,Narrative Nonfiction / Science Fiction / Historical Fiction / realistic fiction / nonfiction / Fiction in Verse / Fiction / Mystery,NA,NA,NA,NA,NA,NA,NA,NA,NA,Short (150-300 pages),NA,Science Fiction / Mystery / Thriller
Short stories,H. G. Wells,Science Fiction / Fiction / Narrative Nonfiction / Historical Fiction / realistic fiction / nonfiction / Fiction in Verse,NA,NA,NA,NA,Action,NA,NA,NA,NA,Epic (700+ pages),NA,Science Fiction / Adventure
The most dangerous game,Richard Connell,Narrative Nonfiction / Science Fiction / Historical Fiction / realistic fiction / nonfiction / Fiction in Verse / Fiction,NA,NA,NA,NA,NA,NA,NA,NA,NA,NA,NA,Science Fiction / Survival
The Murders in the Rue Morgue,Edgar Allan Poe,Narrative Nonfiction / Science Fiction / Historical Fiction / realistic fiction / nonfiction / Fiction in Verse / Fiction / Mystery,NA,NA,NA,NA,NA,NA,NA,NA,NA,Very Short (< 150 pages),NA,Science Fiction
Heidi,Johanna Spyri,Narrative Nonfiction / Science Fiction / Historical Fiction / realistic fiction / nonfiction / Fiction in Verse / Fiction / short story,NA,NA,NA,NA,NA,NA,NA,NA,Nature-based / Wilderness Adventure,Short (150-300 pages),NA,Science Fiction / Family Dynamics
The Case-Book of Sherlock Holmes,Arthur Conan Doyle,Narrative Nonfiction / Science Fiction / Historical Fiction / realistic fiction / nonfiction / Fiction in Verse / Fiction / Mystery,NA,NA,NA,NA,NA,NA,NA,NA,NA,Short (150-300 pages),NA,Science Fiction
The Empty House and Other Ghost Stories,Algernon Blackwood,Horror / Fiction,NA,NA,NA,NA,NA,NA,NA,NA,NA,NA,NA,Horror
The Club of Queer Trades,Gilbert Keith Chesterton,Mystery / Narrative Nonfiction / Science Fiction / Historical Fiction / realistic fiction / nonfiction / Fiction in Verse / Fiction,NA,NA,NA,NA,NA,NA,NA,NA,Historical,NA,NA,Science Fiction / Historical
The reluctant dragon,Kenneth Grahame,Narrative Nonfiction / Science Fiction / Historical Fiction / realistic fiction / nonfiction / Fiction in Verse / Fiction / Fairy Tale / Fantasy,NA,NA,NA,NA,NA,NA,NA,NA,Fantasy Realms,Very Short (< 150 pages),NA,Science Fiction / Fantasy / Friendship / Adventure
"Miss Marple, the complete short stories",Agatha Christie,Mystery / Narrative Nonfiction / Science Fiction / Historical Fiction / realistic fiction / nonfiction / Fiction in Verse / Fiction,NA,NA,NA,NA,NA,NA,NA,NA,NA,NA,NA,Science Fiction
"The Lion, the Witch and the Wardrobe",C.S. Lewis,Fantasy / Fiction / Science Fiction / Narrative Nonfiction / Historical Fiction / realistic fiction / nonfiction / Fiction in Verse / Fairy Tale,Grim,NA,NA,NA,Action,NA,NA,NA,Fantasy Realms,Short (150-300 pages),NA,Fantasy / Adventure / Science Fiction / Friendship
For Whom the Bell Tolls,Ernest Hemingway,Fiction / Narrative Nonfiction / Science Fiction / Historical Fiction / realistic fiction / nonfiction / Fiction in Verse,NA,NA,NA,NA,NA,NA,NA,NA,Historical,Medium (300-500 pages),NA,Science Fiction / Historical
Ab urbe condita,Titus Livius,Biography / Autobiography / Narrative Nonfiction / nonfiction / Fiction / Science Fiction / Historical Fiction / realistic fiction / Fiction in Verse,NA,NA,NA,NA,NA,NA,NA,NA,NA,Very Short (< 150 pages),NA,Science Fiction
"Under the Greenwood Tree or, The Mellstock quire",Thomas Hardy,Fiction / Narrative Nonfiction / Science Fiction / Historical Fiction / realistic fiction / nonfiction / Fiction in Verse,NA,NA,NA,NA,NA,NA,NA,NA,Historical,NA,NA,Love / Romance / Science Fiction / Historical
Lord Edgware Dies,Agatha Christie,Narrative Nonfiction / Science Fiction / Historical Fiction / realistic fiction / nonfiction / Fiction in Verse / Fiction / Mystery,NA,NA,NA,NA,NA,NA,NA,NA,NA,NA,NA,Science Fiction / Mystery / Thriller
Der Steppenwolf,Hermann Hesse,Narrative Nonfiction / Science Fiction / Historical Fiction / realistic fiction / nonfiction / Fiction in Verse / Fiction,NA,NA,NA,NA,NA,NA,NA,NA,Big cities / Urban Life / Historical,NA,NA,Science Fiction / Historical
Pollyanna,Eleanor Hodgman Porter,Narrative Nonfiction / Science Fiction / Historical Fiction / realistic fiction / nonfiction / Fiction in Verse / Fiction,NA,NA,NA,NA,NA,NA,NA,NA,Historical,Medium (300-500 pages),NA,Family Dynamics / Science Fiction / Historical / Adventure
Beasts and Super-Beasts Illustrated,Hugh Munro,NA,NA,NA,NA,NA,NA,NA,NA,NA,NA,NA,NA,NA
???? ? ????,Ivan Sergeevich Turgenev,Narrative Nonfiction / Science Fiction / Historical Fiction / realistic fiction / nonfiction / Fiction in Verse / Fiction,NA,NA,NA,NA,NA,NA,NA,NA,Historical,NA,NA,Science Fiction / Historical
The Power of Darkness,Edith Nesbit,Horror / Narrative Nonfiction / Science Fiction / Historical Fiction / realistic fiction / nonfiction / Fiction in Verse / Fiction,NA,NA,NA,NA,NA,NA,NA,NA,NA,Very Short (< 150 pages),NA,Horror / Science Fiction
Misery,Stephen King,Narrative Nonfiction / Science Fiction / Historical Fiction / realistic fiction / nonfiction / Fiction in Verse / Fiction / Horror,Suspenseful,NA,NA,NA,NA,NA,NA,NA,NA,NA,NA,Science Fiction / Horror / Mystery / Thriller
"Mary Shelley's Frankenstein; or, the Modern Prometheus (1818 text)",Mary Shelley,Fiction / Horror / Narrative Nonfiction / Science Fiction / Historical Fiction / realistic fiction / nonfiction / Fiction in Verse,NA,NA,NA,NA,NA,NA,NA,NA,NA,Short (150-300 pages),NA,Horror / Science Fiction
The Shining,Stephen King,Narrative Nonfiction / Science Fiction / Historical Fiction / realistic fiction / nonfiction / Fiction in Verse / Fiction / Horror,Grim,NA,NA,NA,NA,NA,NA,NA,NA,Medium (300-500 pages),NA,Science Fiction / Horror / Family Dynamics
It,Stephen King,Horror / Narrative Nonfiction / Science Fiction / Historical Fiction / realistic fiction / nonfiction / Fiction in Verse / Fiction,Suspenseful,NA,Hero,Sad,NA,A good bit / A little,NA,NA,Small towns or close-knit communities / Big cities / Urban Life,Epic (700+ pages),Flowery & Poetic / Satirical or Witty,Coming of Age / Horror / Science Fiction / Teamwork & Competition / Faith / Spiritually / Political / Philosophical
The House of the Seven Gables,Nathaniel Hawthorne,Narrative Nonfiction / Science Fiction / Historical Fiction / realistic fiction / nonfiction / Fiction in Verse / Fiction / Comic / Horror,NA,NA,NA,NA,NA,NA,NA,NA,Historical,Short (150-300 pages),NA,Science Fiction / Family Dynamics / Historical / Horror
The Gunslinger,Stephen King,Fiction / Science Fiction / Horror / Fantasy / Narrative Nonfiction / Historical Fiction / realistic fiction / nonfiction / Fiction in Verse,Dark / Suspenseful,Slow,Hero,NA,NA,NA,NA,NA,Fantasy Realms,Short (150-300 pages),NA,Adventure / Science Fiction / Horror / Fantasy
The Green Mile,Stephen King,Horror / Fiction / Narrative Nonfiction / Science Fiction / Historical Fiction / realistic fiction / nonfiction / Fiction in Verse / Mystery,NA,NA,NA,Sad,NA,NA,NA,NA,NA,NA,NA,Horror / Science Fiction / Mystery / Thriller
Pet Sematary,Stephen King,Narrative Nonfiction / Science Fiction / Historical Fiction / realistic fiction / nonfiction / Fiction in Verse / Fiction / Horror,Suspenseful,NA,NA,NA,NA,NA,NA,NA,NA,NA,NA,Science Fiction / Horror
New Moon,Stephenie Meyer,Fiction / Narrative Nonfiction / Science Fiction / Historical Fiction / realistic fiction / nonfiction / Fiction in Verse / Fantasy / Horror / Comic,NA,NA,NA,NA,NA,NA,NA,Love them,Fantasy Realms,NA,NA,Science Fiction / Love / Romance / Fantasy / Horror
The Dead Zone,Stephen King,Horror / Fiction / Science Fiction / Narrative Nonfiction / Historical Fiction / realistic fiction / nonfiction / Fiction in Verse,Suspenseful,NA,NA,NA,NA,NA,NA,NA,NA,Medium (300-500 pages),NA,Horror / Science Fiction
Breaking Dawn,Stephenie Meyer,Fiction / Narrative Nonfiction / Science Fiction / Historical Fiction / realistic fiction / nonfiction / Fiction in Verse / Mystery / Horror / Fantasy,NA,NA,NA,NA,NA,NA,NA,NA,NA,NA,Concise & Straightforward,Science Fiction / Horror / Fantasy
The Stand,Stephen King,Horror / Fiction / Narrative Nonfiction / Science Fiction / Historical Fiction / realistic fiction / nonfiction / Fiction in Verse / Fairy Tale / Tall Tale,Suspenseful / Lyrical / Cynical / Whimsical / Dark,Slow,NA,NA,NA,NA,NA,Neutral / Realistic / Occasionally,Dystopian / Post apocalyptic / Fantasy Realms / Small towns or close-knit communities / Historical / Otherworldly / Parallel Universes,NA,Fast-pace & action-oriented / Conversational / Satirical or Witty / Experimental or Non-Linear,Horror / Science Fiction / Survival / Mystery / Thriller / Social Issues / Faith / Spiritually / Political / Philosophical / Historical / Victory & Achievement
Coraline,Neil Gaiman,Fantasy / Fiction / Narrative Nonfiction / Science Fiction / Historical Fiction / realistic fiction / nonfiction / Fiction in Verse / Horror / Comic,NA,NA,NA,NA,NA,NA,NA,NA,Fantasy Realms,Short (150-300 pages),NA,Fantasy / Science Fiction / Horror
Cujo,Stephen King,Horror / Narrative Nonfiction / Science Fiction / Historical Fiction / realistic fiction / nonfiction / Fiction in Verse / Fiction,Suspenseful,NA,NA,NA,NA,NA,NA,NA,NA,Medium (300-500 pages),NA,Horror / Science Fiction
The Amber Spyglass,Philip Pullman,Fantasy / Fiction / Narrative Nonfiction / Science Fiction / Historical Fiction / realistic fiction / nonfiction / Fiction in Verse / Horror,NA,NA,NA,NA,NA,NA,NA,NA,Fantasy Realms,Medium (300-500 pages),NA,Fantasy / Science Fiction / Horror
The Haunted Hotel,Wilkie Collins,Narrative Nonfiction / Science Fiction / Historical Fiction / realistic fiction / nonfiction / Fiction in Verse / Fiction / Horror / Mystery / Fantasy,NA,NA,NA,NA,NA,NA,NA,NA,NA,Short (150-300 pages),NA,Science Fiction / Horror / Fantasy
The Exorcist,William Peter Blatty,Narrative Nonfiction / Science Fiction / Historical Fiction / realistic fiction / nonfiction / Fiction in Verse / Fiction / Horror,NA,NA,NA,NA,NA,NA,NA,NA,NA,Medium (300-500 pages),NA,Science Fiction / Horror
Dog Days,Jeff Kinney,Narrative Nonfiction / Science Fiction / Historical Fiction / realistic fiction / nonfiction / Fiction in Verse / Fiction / Comic,Mysterious / Suspenseful / Adventurous,NA,NA,NA,NA,NA,NA,NA,NA,NA,Descriptive & Lush,Science Fiction / Humor / Friendship / Justice / Law
Firestarter,Stephen King,Narrative Nonfiction / Science Fiction / Historical Fiction / realistic fiction / nonfiction / Fiction in Verse / Fiction / Horror / Mystery,Suspenseful / Tense,NA,Hero,NA,NA,NA,NA,NA,NA,NA,NA,Science Fiction / Horror
The Drawing of the Three,Stephen King,Horror / Fiction / Fantasy / Narrative Nonfiction / Science Fiction / Historical Fiction / realistic fiction / nonfiction / Fiction in Verse,Dark,NA,Hero,NA,NA,NA,NA,NA,Otherworldly / Parallel Universes,Medium (300-500 pages),NA,Horror / Fantasy / Science Fiction
Herland,Charlotte Perkins Gilman,Narrative Nonfiction / Science Fiction / Historical Fiction / realistic fiction / nonfiction / Fiction in Verse / Fiction / Horror / Fantasy,NA,NA,NA,NA,Action,NA,NA,NA,NA,Very Short (< 150 pages),NA,Science Fiction / Humor / Horror / Fantasy / Adventure
Interview With the Vampire,Anne Rice,Horror / Narrative Nonfiction / Science Fiction / Historical Fiction / realistic fiction / nonfiction / Fiction in Verse / Fiction,NA,NA,NA,NA,NA,NA,NA,NA,NA,NA,NA,Horror / Science Fiction
Bag of Bones,Stephen King,Narrative Nonfiction / Science Fiction / Historical Fiction / realistic fiction / nonfiction / Fiction in Verse / Fiction / Horror,Suspenseful / Dark,NA,NA,Sad,NA,NA,NA,NA,NA,Long (500-700 pages),NA,Science Fiction / Horror
Flowers in the Attic,V. C. Andrews,Fiction / Narrative Nonfiction / Science Fiction / Historical Fiction / realistic fiction / nonfiction / Fiction in Verse / Horror,NA,Slow,NA,NA,NA,NA,NA,NA,NA,Medium (300-500 pages),NA,Coming of Age / Love / Romance / Science Fiction / Horror
The Haunting of Hill House,Shirley Jackson,Narrative Nonfiction / Science Fiction / Historical Fiction / realistic fiction / nonfiction / Fiction in Verse / Fiction / Horror,NA,NA,NA,NA,NA,NA,NA,NA,NA,NA,NA,Science Fiction / Horror
Tales of Terror and Mystery,Arthur Conan Doyle,Mystery / Horror / Narrative Nonfiction / Science Fiction / Historical Fiction / realistic fiction / nonfiction / Fiction in Verse / Fiction,NA,NA,NA,NA,NA,NA,NA,NA,NA,NA,NA,Horror / Science Fiction / Mystery / Thriller
The Amityville Horror,Jay Anson,Biography / Autobiography / Fiction / Horror,NA,NA,NA,NA,NA,NA,NA,NA,NA,NA,NA,Horror
The Waste Lands,Stephen King,Fantasy / Narrative Nonfiction / Science Fiction / Historical Fiction / realistic fiction / nonfiction / Fiction in Verse / Fiction / Horror,Dark,NA,NA,NA,NA,NA,NA,NA,Fantasy Realms,Long (500-700 pages),NA,Fantasy / Science Fiction / Horror / Love / Romance
Wizard and Glass,Stephen King,Narrative Nonfiction / Science Fiction / Historical Fiction / realistic fiction / nonfiction / Fiction in Verse / Fiction / Fantasy / Horror,Dark,NA,Hero,NA,NA,NA,NA,NA,Otherworldly / Parallel Universes / Fantasy Realms,Long (500-700 pages),NA,Adventure / Science Fiction / Fantasy / Horror / Friendship / Grief / Loss
The Girl Who Loved Tom Gordon,Stephen King,Fiction / Narrative Nonfiction / Science Fiction / Historical Fiction / realistic fiction / nonfiction / Fiction in Verse / Horror,Suspenseful,NA,NA,Sad,Action,NA,NA,NA,NA,NA,NA,Adventure / Science Fiction / Horror
Witch Wood,John Buchan,Fiction / Fantasy / Horror / Narrative Nonfiction / Science Fiction / Historical Fiction / realistic fiction / nonfiction / Fiction in Verse,NA,NA,NA,NA,NA,NA,NA,NA,Historical,NA,NA,Historical / Fantasy / Horror / Science Fiction
Danse Macabre,Stephen King,Horror / Fiction / Legend,Dark / Suspenseful,NA,NA,NA,NA,NA,NA,NA,NA,Long (500-700 pages),NA,Horror
The Haunted Bookshop,Christopher Morley,Mystery / Narrative Nonfiction / Science Fiction / Historical Fiction / realistic fiction / nonfiction / Fiction in Verse / Fiction / Horror,NA,NA,NA,NA,NA,NA,NA,NA,NA,Short (150-300 pages),NA,Science Fiction / Horror
Needful Things,Stephen King,Horror / Narrative Nonfiction / Science Fiction / Historical Fiction / realistic fiction / nonfiction / Fiction in Verse / Fiction,Suspenseful,NA,NA,NA,NA,NA,NA,NA,NA,NA,NA,Horror / Science Fiction
The Road,Cormac McCarthy,Narrative Nonfiction / Science Fiction / Historical Fiction / realistic fiction / nonfiction / Fiction in Verse / Fiction / Horror,NA,NA,NA,NA,NA,NA,NA,NA,Dystopian / Post apocalyptic / Nature-based / Wilderness Adventure,Short (150-300 pages),NA,Science Fiction / Adventure / Survival / Horror
Night Shift,Stephen King,Narrative Nonfiction / Science Fiction / Historical Fiction / realistic fiction / nonfiction / Fiction in Verse / Fiction / Horror / short story / Fantasy / Mystery,Tense,NA,Hero,NA,NA,NA,NA,NA,Fantasy Realms,Medium (300-500 pages),NA,Science Fiction / Horror / Sports / Fantasy / Mystery / Thriller
The Willows,Algernon Blackwood,Comic / Fiction / Horror / Fantasy,NA,NA,NA,NA,NA,NA,NA,NA,NA,NA,NA,Horror / Fantasy
The Eyes of the Dragon,Stephen King,Horror / Fantasy / Narrative Nonfiction / Science Fiction / Historical Fiction / realistic fiction / nonfiction / Fiction in Verse / Fiction / Legend,Suspenseful / Dark,NA,NA,NA,NA,NA,NA,NA,Fantasy Realms,NA,NA,Horror / Fantasy / Science Fiction / Mystery / Thriller
The Damned,Algernon Blackwood,Narrative Nonfiction / Science Fiction / Historical Fiction / realistic fiction / nonfiction / Fiction in Verse / Fiction / Horror,NA,NA,NA,NA,NA,NA,NA,NA,NA,NA,NA,Science Fiction / Horror
Four Past Midnight,Stephen King,Speech / Narrative Nonfiction / Science Fiction / Historical Fiction / realistic fiction / nonfiction / Fiction in Verse / Fiction / Horror,Grim,NA,NA,NA,NA,NA,NA,NA,NA,NA,NA,Science Fiction / Horror / Mystery / Thriller / Training & Dedication
Christine,Stephen King,Horror / Narrative Nonfiction / Science Fiction / Historical Fiction / realistic fiction / nonfiction / Fiction in Verse / Fiction,NA,NA,NA,NA,NA,NA,NA,NA,NA,NA,NA,Horror / Science Fiction
"Maria; or, The Wrongs of Woman",Mary Wollstonecraft,Narrative Nonfiction / Science Fiction / Historical Fiction / realistic fiction / nonfiction / Fiction in Verse / Fiction / Biography / Autobiography,NA,NA,NA,NA,NA,NA,NA,NA,NA,Short (150-300 pages),NA,Science Fiction
Cell,Stephen King,Horror / Fiction / Narrative Nonfiction / Science Fiction / Historical Fiction / realistic fiction / nonfiction / Fiction in Verse / Fantasy,Romantic / Dark,NA,NA,NA,NA,NA,NA,NA,NA,Medium (300-500 pages),NA,Horror / Science Fiction / Love / Romance / Fantasy
Stuart Little,E. B. White,Fiction / Narrative Nonfiction / Science Fiction / Historical Fiction / realistic fiction / nonfiction / Fiction in Verse / Horror,NA,NA,NA,NA,NA,NA,NA,NA,NA,Very Short (< 150 pages),NA,Friendship / Science Fiction / Family Dynamics / Horror / Adventure
The Collector,John Fowles,Horror / Narrative Nonfiction / Science Fiction / Historical Fiction / realistic fiction / nonfiction / Fiction in Verse / Fiction,NA,NA,NA,NA,NA,NA,NA,NA,NA,NA,NA,Horror / Science Fiction
The Day of the Triffids,John Wyndham,Fantasy / Fiction / Science Fiction / Horror / Narrative Nonfiction / Historical Fiction / realistic fiction / nonfiction / Fiction in Verse,NA,NA,NA,NA,Action,NA,NA,NA,NA,Short (150-300 pages),NA,Fantasy / Science Fiction / Horror / Adventure
The Dark Half,Stephen King,Horror / Narrative Nonfiction / Science Fiction / Historical Fiction / realistic fiction / nonfiction / Fiction in Verse / Fiction,Suspenseful,NA,NA,Sad,NA,NA,NA,NA,NA,NA,NA,Horror / Science Fiction
Thinner,Stephen King,Horror / Fiction / Narrative Nonfiction / Science Fiction / Historical Fiction / realistic fiction / nonfiction / Fiction in Verse,NA,NA,NA,NA,NA,NA,NA,NA,NA,NA,NA,Horror / Science Fiction
Everything's Eventual. 14 Dark Tales,Stephen King,Fantasy / Horror / Narrative Nonfiction / Science Fiction / Historical Fiction / realistic fiction / nonfiction / Fiction in Verse / Fiction,NA,NA,NA,NA,NA,NA,NA,NA,Fantasy Realms,Medium (300-500 pages),NA,Fantasy / Horror / Science Fiction
Petals on the Wind,V. C. Andrews,Narrative Nonfiction / Science Fiction / Historical Fiction / realistic fiction / nonfiction / Fiction in Verse / Fiction / Horror / Mystery,Suspenseful,Slow,NA,NA,NA,NA,NA,NA,NA,Medium (300-500 pages),NA,Science Fiction / Horror
Something Wicked This Way Comes,Ray Bradbury,Narrative Nonfiction / Science Fiction / Historical Fiction / realistic fiction / nonfiction / Fiction in Verse / Fiction / Fantasy / Horror / Drama,Dramatic,NA,NA,NA,NA,NA,NA,NA,Futuristic / Sci-Fi Worlds / Fantasy Realms,NA,NA,Science Fiction / Friendship / Fantasy / Horror / Coming of Age
Different Seasons,Stephen King,Essay / Fantasy / Fiction / Horror / Narrative Nonfiction / Science Fiction / Historical Fiction / realistic fiction / nonfiction / Fiction in Verse,Suspenseful,NA,NA,Happy,Action / Character development,NA,Predictable,NA,Nature-based / Wilderness Adventure,Long (500-700 pages),Experimental or Non-Linear,Grief / Loss / Social Issues / Fantasy / Horror / Friendship / Adventure / Science Fiction / Victory & Achievement / Redemption
Cabin Fever,Jeff Kinney,Fiction / Narrative Nonfiction / Science Fiction / Historical Fiction / realistic fiction / nonfiction / Fiction in Verse / Comic,NA,NA,NA,NA,NA,NA,NA,NA,NA,NA,NA,Science Fiction / Friendship / Humor
Red Dragon,Thomas Harris,Mystery / Fiction / Narrative Nonfiction / Science Fiction / Historical Fiction / realistic fiction / nonfiction / Fiction in Verse / Horror,NA,NA,NA,Sad,NA,NA,NA,NA,NA,NA,NA,Science Fiction / Horror / Mystery / Thriller
Jaws,Peter Benchley,Horror / Fiction / Narrative Nonfiction / Science Fiction / Historical Fiction / realistic fiction / nonfiction / Fiction in Verse,NA,NA,NA,NA,Action,NA,NA,NA,NA,NA,NA,Horror / Science Fiction / Adventure
The Tommyknockers,Stephen King,Fiction / Horror / Narrative Nonfiction / Science Fiction / Historical Fiction / realistic fiction / nonfiction / Fiction in Verse,NA,NA,NA,NA,NA,NA,NA,NA,NA,Medium (300-500 pages),Dark & Atmospheric / Fast-pace & action-oriented,Horror / Science Fiction / Mystery / Thriller / Victory & Achievement
The Silence of the Lambs,Thomas Harris,Narrative Nonfiction / Science Fiction / Historical Fiction / realistic fiction / nonfiction / Fiction in Verse / Fiction / Mystery / Horror,NA,NA,NA,NA,NA,NA,NA,NA,NA,Medium (300-500 pages),NA,Science Fiction / Horror
Insomnia,Stephen King,Horror / Narrative Nonfiction / Science Fiction / Historical Fiction / realistic fiction / nonfiction / Fiction in Verse / Fiction / Fantasy,Suspenseful,Slow,Hero,Sad,NA,NA,NA,NA,NA,Medium (300-500 pages),NA,Horror / Science Fiction / Fantasy / Social Issues / Victory & Achievement
Gerald's Game,Stephen King,Horror / Narrative Nonfiction / Science Fiction / Historical Fiction / realistic fiction / nonfiction / Fiction in Verse / Fiction / Mystery,NA,NA,Hero,Sad,NA,NA,NA,NA,NA,Medium (300-500 pages),NA,Horror / Science Fiction
Rose Madder,Stephen King,mythology / Fantasy / Horror / Narrative Nonfiction / Science Fiction / Historical Fiction / realistic fiction / nonfiction / Fiction in Verse / Fiction,NA,Slow,NA,NA,NA,NA,NA,NA,Fantasy Realms,Medium (300-500 pages),NA,Fantasy / Mystery / Thriller / Horror / Science Fiction
Desperation,Stephen King,Narrative Nonfiction / Science Fiction / Historical Fiction / realistic fiction / nonfiction / Fiction in Verse / Fiction / Horror,Suspenseful,NA,NA,NA,NA,NA,NA,NA,NA,NA,NA,Science Fiction / Horror
From a Buick 8,Stephen King,Horror / Fiction / Narrative Nonfiction / Science Fiction / Historical Fiction / realistic fiction / nonfiction / Fiction in Verse,Suspenseful,NA,NA,NA,NA,NA,NA,NA,NA,NA,NA,Horror / Science Fiction
The Vampyre,John William Polidori,Narrative Nonfiction / Science Fiction / Historical Fiction / realistic fiction / nonfiction / Fiction in Verse / Fiction / Horror,NA,NA,NA,NA,NA,NA,NA,NA,NA,Very Short (< 150 pages),NA,Science Fiction / Horror
Dreamcatcher,Stephen King,Fiction / Narrative Nonfiction / Science Fiction / Historical Fiction / realistic fiction / nonfiction / Fiction in Verse / Fantasy / Horror,Suspenseful,NA,NA,NA,NA,NA,NA,NA,NA,NA,NA,Friendship / Science Fiction / Fantasy / Horror
The Secret Garden,Frances Hodgson Burnett,Fiction / Narrative Nonfiction / Science Fiction / Historical Fiction / realistic fiction / nonfiction / Fiction in Verse / Fantasy / Mystery,NA,NA,NA,NA,Action,NA,NA,NA,NA,Medium (300-500 pages),NA,Friendship / Science Fiction / Coming of Age / Fantasy / Adventure
The works of Washington Irving,Washington Irving,Comic / Biography / Autobiography,NA,NA,NA,NA,NA,NA,NA,NA,NA,Very Short (< 150 pages),NA,NA
I am Legend,Richard Matheson,Horror / Fiction / Science Fiction / Narrative Nonfiction / Historical Fiction / realistic fiction / nonfiction / Fiction in Verse,NA,NA,NA,NA,NA,NA,NA,NA,NA,Short (150-300 pages),NA,Horror / Science Fiction
Tarzan of the Apes,Edgar Rice Burroughs,Fiction / Historical Fiction / Fantasy / Narrative Nonfiction / Science Fiction / realistic fiction / nonfiction / Fiction in Verse,NA,NA,NA,NA,Action,NA,NA,NA,Historical,NA,NA,Historical / Adventure / Fantasy / Science Fiction
Legenda aurea,Jacobus de Voragine,Biography / Autobiography / Legend,NA,NA,NA,NA,NA,NA,NA,NA,NA,Epic (700+ pages),NA,NA
Doctor Faustus,Christopher Marlowe,Drama / Legend / Poetry,Dramatic,NA,NA,NA,NA,NA,NA,NA,NA,NA,NA,NA
Coloring Book,Donald Nguyen,NA,NA,NA,NA,NA,NA,NA,NA,NA,NA,NA,NA,NA
Legend,Marie Lu,Narrative Nonfiction / Science Fiction / Historical Fiction / realistic fiction / nonfiction / Fiction in Verse / Fiction / Drama,Dramatic,NA,NA,NA,NA,NA,NA,NA,NA,Medium (300-500 pages),Concise & Straightforward,Science Fiction
Prodigy,Marie Lu,Narrative Nonfiction / Science Fiction / Historical Fiction / realistic fiction / nonfiction / Fiction in Verse / Fiction,NA,NA,NA,NA,NA,NA,NA,NA,NA,NA,Concise & Straightforward,Science Fiction
The Story of the Treasure Seekers,Edith Nesbit,Narrative Nonfiction / Science Fiction / Historical Fiction / realistic fiction / nonfiction / Fiction in Verse / Fiction / Fantasy / Fairy Tale,Playful,NA,NA,NA,NA,NA,NA,NA,NA,NA,NA,Science Fiction / Adventure / Fantasy
Wicked,Gregory Maguire,Narrative Nonfiction / Science Fiction / Historical Fiction / realistic fiction / nonfiction / Fiction in Verse / Fiction / Fantasy / Legend / Fairy Tale / mythology,NA,NA,NA,NA,NA,NA,NA,Love them,Fantasy Realms,Short (150-300 pages),NA,Love / Romance / Science Fiction / Fantasy
Contact,Carl Sagan,Narrative Nonfiction / Science Fiction / Historical Fiction / realistic fiction / nonfiction / Fiction in Verse / Fiction,NA,NA,NA,NA,NA,NA,NA,NA,NA,NA,NA,Science Fiction
The Name of the Wind,Patrick Rothfuss,Fantasy / Fiction / Narrative Nonfiction / Science Fiction / Historical Fiction / realistic fiction / nonfiction / Fiction in Verse / Legend,NA,NA,Hero / Antihero,NA,NA,NA,NA,NA,Fantasy Realms,Long (500-700 pages),NA,Fantasy / Science Fiction
Legends & Lattes,Travis Baldree,Fantasy / Fiction,NA,NA,NA,NA,NA,NA,NA,NA,NA,Medium (300-500 pages),NA,Fantasy
Trois contes,Gustave Flaubert,Narrative Nonfiction / Science Fiction / Historical Fiction / realistic fiction / nonfiction / Fiction in Verse / Fiction,NA,NA,Hero,NA,NA,NA,NA,NA,NA,Very Short (< 150 pages),NA,Science Fiction
Redwall (Redwall #1),Brian Jacques,Fiction / Fantasy / Narrative Nonfiction / Science Fiction / Historical Fiction / realistic fiction / nonfiction / Fiction in Verse / Comic,NA,NA,NA,NA,NA,NA,NA,NA,Fantasy Realms,Medium (300-500 pages),NA,Fantasy / Science Fiction / Adventure
Works (Buried Talents / Dance of the Dead / Dress of White Silk / From Shadowed Places / I Am Legend / Mad House / Person to Person / Prey / The Funeral / The Near Departed / Witch War),Richard Matheson,Horror / Narrative Nonfiction / Science Fiction / Historical Fiction / realistic fiction / nonfiction / Fiction in Verse / Fiction,NA,NA,NA,NA,NA,NA,NA,NA,NA,Medium (300-500 pages),NA,Horror / Science Fiction
Silas Marner,George Eliot,Narrative Nonfiction / Science Fiction / Historical Fiction / realistic fiction / nonfiction / Fiction in Verse / Fiction,NA,NA,NA,NA,NA,NA,NA,NA,NA,NA,NA,Science Fiction
Wings of Fire,Tui T. Sutherland,Fiction / Narrative Nonfiction / Science Fiction / Historical Fiction / realistic fiction / nonfiction / Fiction in Verse / Fantasy,NA,NA,NA,NA,NA,NA,NA,NA,Fantasy Realms,Medium (300-500 pages),NA,Adventure / Science Fiction / Fantasy / Friendship
Bow Wow!,Carole Marsh,NA,NA,NA,NA,NA,NA,NA,NA,NA,NA,NA,NA,NA
"The Capture (Guardians of Ga'Hoole, Book 1)",Kathryn Lasky,Fiction / Fantasy / Narrative Nonfiction / Science Fiction / Historical Fiction / realistic fiction / nonfiction / Fiction in Verse / Folklore,NA,NA,NA,NA,NA,NA,NA,NA,Fantasy Realms,NA,NA,Fantasy / Science Fiction / Adventure / Survival
Star Wars - Thrawn Trilogy - Heir to the Empire,Timothy Zahn,Science Fiction / Fiction / Narrative Nonfiction / Historical Fiction / realistic fiction / nonfiction / Fiction in Verse,NA,NA,NA,NA,Action,NA,NA,NA,NA,Medium (300-500 pages),NA,Science Fiction / Adventure
The American,Henry James,Fiction / Narrative Nonfiction / Science Fiction / Historical Fiction / realistic fiction / nonfiction / Fiction in Verse,NA,NA,NA,NA,NA,NA,NA,NA,NA,NA,NA,Science Fiction
"Laws, etc",Great Britain.,NA,NA,NA,NA,NA,NA,NA,NA,NA,NA,Epic (700+ pages),NA,Justice / Law
"Works [37 plays, 6 poems, sonnets]",William Shakespeare,Drama / Poetry / Fiction / Narrative Nonfiction / Science Fiction / Historical Fiction / realistic fiction / nonfiction / Fiction in Verse / Biography / Autobiography / Legend,Dramatic / Playful,NA,Hero / Antihero,Sad,NA,NA,NA,Love them,NA,NA,NA,Science Fiction / Survival / Love / Romance
Rembrandt,Rembrandt Harmenszoon van Rijn,NA,NA,NA,NA,NA,NA,NA,NA,NA,NA,Short (150-300 pages),NA,NA
Foundation's Edge,Isaac Asimov,Narrative Nonfiction / Science Fiction / Historical Fiction / realistic fiction / nonfiction / Fiction in Verse / Fiction,NA,NA,NA,NA,NA,NA,NA,NA,NA,Medium (300-500 pages),NA,Science Fiction
Institutio Christianae religionis,Jean Calvin,NA,NA,NA,NA,NA,NA,NA,NA,NA,NA,Short (150-300 pages),NA,NA
Watchers,Dean Koontz,Narrative Nonfiction / Science Fiction / Historical Fiction / realistic fiction / nonfiction / Fiction in Verse / Fiction / Horror,NA,NA,NA,NA,NA,NA,NA,NA,NA,NA,NA,Science Fiction / Horror
Dance Upon the Air,Nora Roberts,Fiction / Narrative Nonfiction / Science Fiction / Historical Fiction / realistic fiction / nonfiction / Fiction in Verse,NA,NA,NA,NA,NA,NA,NA,NA,NA,Medium (300-500 pages),NA,Science Fiction
Clear and Present Danger,Tom Clancy,Fiction / Narrative Nonfiction / Science Fiction / Historical Fiction / realistic fiction / nonfiction / Fiction in Verse,NA,NA,NA,NA,Action,NA,NA,NA,NA,NA,NA,Adventure / Science Fiction
Rising Tides,Nora Roberts,Fiction,NA,NA,NA,NA,NA,NA,NA,NA,NA,NA,NA,NA
Sea Swept,Nora Roberts,Fiction / Narrative Nonfiction / Science Fiction / Historical Fiction / realistic fiction / nonfiction / Fiction in Verse,NA,NA,NA,NA,NA,NA,NA,NA,NA,NA,NA,Science Fiction
Puck of Pook's Hill,Rudyard Kipling,Narrative Nonfiction / Science Fiction / Historical Fiction / realistic fiction / nonfiction / Fiction in Verse / Fiction / Fantasy / Legend / Magna,NA,NA,NA,NA,NA,NA,NA,NA,Historical,NA,NA,Science Fiction / Fantasy / Historical / Adventure
Born in Fire,Nora Roberts,Narrative Nonfiction / Science Fiction / Historical Fiction / realistic fiction / nonfiction / Fiction in Verse / Fiction,Suspenseful,NA,NA,NA,NA,NA,NA,Love them,Modern-Day / Contemporary Settings,Medium (300-500 pages),NA,Science Fiction / Love / Romance
Red Storm Rising,Tom Clancy,Narrative Nonfiction / Science Fiction / Historical Fiction / realistic fiction / nonfiction / Fiction in Verse / Fiction,NA,NA,NA,NA,NA,NA,NA,NA,NA,NA,NA,Science Fiction / Mystery / Thriller / Adventure
Heaven Is Gentle,Betty Neels,Fiction,NA,NA,NA,NA,NA,NA,NA,NA,NA,NA,NA,NA
Midnight,Dean Koontz,Narrative Nonfiction / Science Fiction / Historical Fiction / realistic fiction / nonfiction / Fiction in Verse / Fiction / Horror / Mystery,NA,NA,NA,NA,NA,NA,NA,NA,NA,NA,NA,Science Fiction / Horror
Hidden Riches,Nora Roberts,Fiction / Narrative Nonfiction / Science Fiction / Historical Fiction / realistic fiction / nonfiction / Fiction in Verse,Suspenseful,NA,NA,NA,NA,NA,NA,NA,Modern-Day / Contemporary Settings,NA,NA,Science Fiction / Love / Romance
The Bad Place,Dean Koontz,Narrative Nonfiction / Science Fiction / Historical Fiction / realistic fiction / nonfiction / Fiction in Verse / Fiction / Horror,NA,NA,NA,NA,NA,NA,NA,NA,NA,NA,NA,Science Fiction / Horror
"Treaties, etc",Rand McNally,NA,NA,NA,NA,NA,NA,NA,NA,NA,NA,NA,NA,NA
The Eyes of Darkness,Dean Koontz,Narrative Nonfiction / Science Fiction / Historical Fiction / realistic fiction / nonfiction / Fiction in Verse / Fiction / Horror,NA,NA,NA,NA,NA,NA,NA,NA,NA,NA,NA,Science Fiction / Horror
Private,James Patterson,Mystery / Fiction / Narrative Nonfiction / Science Fiction / Historical Fiction / realistic fiction / nonfiction / Fiction in Verse,Suspenseful,NA,NA,NA,NA,NA,NA,NA,NA,Medium (300-500 pages),NA,Science Fiction / Mystery / Thriller
True Betrayals,Nora Roberts,Narrative Nonfiction / Science Fiction / Historical Fiction / realistic fiction / nonfiction / Fiction in Verse / Fiction,Suspenseful,NA,NA,NA,NA,NA,NA,NA,Modern-Day / Contemporary Settings,Medium (300-500 pages),NA,Love / Romance / Science Fiction
Dark Witch,Nora Roberts,Fiction / Narrative Nonfiction / Science Fiction / Historical Fiction / realistic fiction / nonfiction / Fiction in Verse,NA,NA,NA,NA,NA,NA,NA,NA,NA,Medium (300-500 pages),NA,Science Fiction / Love / Romance
Hippolytus,Euripides,Drama / mythology,Dramatic,NA,NA,NA,NA,NA,NA,NA,NA,NA,NA,NA
"The principall navigations, voiages, and discoveries of the English nations",Richard Hakluyt,Narrative Nonfiction / nonfiction / Fiction / Science Fiction,NA,NA,NA,NA,NA,NA,NA,NA,NA,NA,NA,Science Fiction
The Shell Seekers,Rosamunde Pilcher,Narrative Nonfiction / Science Fiction / Historical Fiction / realistic fiction / nonfiction / Fiction in Verse / Fiction,NA,Fast,NA,NA,NA,NA,NA,NA,NA,Long (500-700 pages),NA,Science Fiction / Family Dynamics / Adventure
The Magna charta,James Daugherty,Magna,NA,NA,NA,NA,NA,NA,NA,NA,NA,NA,NA,NA
Darkness Comes,Dean Koontz,Narrative Nonfiction / Science Fiction / Historical Fiction / realistic fiction / nonfiction / Fiction in Verse / Fiction / Horror,NA,NA,NA,NA,NA,NA,NA,NA,NA,Medium (300-500 pages),NA,Science Fiction / Horror
Bed of Roses,Nora Roberts,Fiction,NA,NA,NA,NA,NA,NA,NA,NA,NA,Medium (300-500 pages),NA,NA
While my pretty one sleeps,Mary Higgins Clark,Mystery / Narrative Nonfiction / Science Fiction / Historical Fiction / realistic fiction / nonfiction / Fiction in Verse / Fiction,NA,NA,NA,NA,NA,NA,NA,NA,NA,Short (150-300 pages),NA,Science Fiction
Queen Lucia,E. F. Benson,Narrative Nonfiction / Science Fiction / Historical Fiction / realistic fiction / nonfiction / Fiction in Verse / Fiction,NA,NA,NA,NA,NA,NA,NA,NA,NA,Medium (300-500 pages),NA,Science Fiction / Humor
See You at the Top,Zig Ziglar,Fiction,NA,NA,NA,NA,NA,NA,NA,NA,NA,NA,NA,NA
When Two Paths Meet,Betty Neels,Fiction,NA,NA,NA,NA,NA,NA,NA,NA,NA,NA,NA,NA
A Thief in the Night,E. W. Hornung,Narrative Nonfiction / Science Fiction / Historical Fiction / realistic fiction / nonfiction / Fiction in Verse / Fiction,NA,NA,NA,NA,NA,NA,NA,NA,NA,NA,NA,Science Fiction
Three for a Wedding,Betty Neels,Fiction,NA,NA,NA,NA,NA,NA,NA,NA,NA,NA,NA,NA
Novum organum,Francis Bacon,Science Fiction,NA,NA,NA,NA,NA,NA,NA,NA,NA,NA,NA,Science Fiction
Escape from Desire,Penny Jordan,Fiction,NA,NA,NA,NA,NA,NA,NA,NA,NA,Short (150-300 pages),NA,NA
Vision in White,Nora Roberts,Narrative Nonfiction / Science Fiction / Historical Fiction / realistic fiction / nonfiction / Fiction in Verse / Fiction,NA,NA,NA,NA,NA,NA,NA,NA,NA,NA,NA,Science Fiction / Love / Romance / Friendship
Morning Glory,LaVyrle Spencer,Fiction,NA,NA,NA,NA,NA,NA,NA,NA,Historical,NA,NA,Historical
Leopard in the Snow,Anne Mather,Fiction,NA,NA,NA,NA,NA,NA,NA,NA,NA,NA,NA,NA
The Velvet Tiger,Emma Darcy,Fiction,NA,NA,NA,NA,NA,NA,NA,NA,NA,Medium (300-500 pages),NA,NA
Almost Heaven,Judith McNaught,Narrative Nonfiction / Science Fiction / Historical Fiction / realistic fiction / nonfiction / Fiction in Verse / Fiction,NA,NA,NA,NA,NA,NA,NA,NA,Historical,Long (500-700 pages),NA,Science Fiction / Love / Romance / Historical
A Lingering Melody,Patricia Wilson,Fiction,NA,NA,NA,NA,NA,NA,NA,NA,NA,Medium (300-500 pages),NA,NA
Echoes of the Past,Sally Wentworth,Fiction,NA,NA,NA,NA,NA,NA,NA,NA,Modern-Day / Contemporary Settings,Short (150-300 pages),NA,NA
Devil and the Deep Sea,Sara Craven,Fiction,NA,NA,NA,NA,NA,NA,NA,NA,NA,Short (150-300 pages),NA,NA
To Speak of Love,Claudia Jameson,Fiction,NA,NA,Hero,NA,NA,NA,NA,NA,NA,Medium (300-500 pages),NA,NA
The Moon for Lavinia,Betty Neels,Fiction,NA,NA,NA,NA,NA,NA,NA,NA,NA,NA,NA,NA
Last of the breed,Louis L'Amour,Narrative Nonfiction / Science Fiction / Historical Fiction / realistic fiction / nonfiction / Fiction in Verse / Fiction,NA,NA,NA,NA,NA,NA,NA,NA,NA,Long (500-700 pages),NA,Science Fiction / Adventure
Blood Magick,Nora Roberts,Fiction / Narrative Nonfiction / Science Fiction / Historical Fiction / realistic fiction / nonfiction / Fiction in Verse,NA,NA,NA,NA,NA,NA,NA,NA,NA,NA,NA,Science Fiction
The Great Railway Bazaar,Paul Theroux,NA,NA,NA,Hero,NA,NA,NA,NA,NA,NA,Medium (300-500 pages),NA,NA
The Lady in the Lake,Raymond Chandler,Mystery / Narrative Nonfiction / Science Fiction / Historical Fiction / realistic fiction / nonfiction / Fiction in Verse / Fiction,NA,NA,NA,NA,NA,NA,NA,NA,NA,Short (150-300 pages),NA,Science Fiction
Disturbing stranger,Charlotte Lamb,Fiction,NA,NA,NA,NA,NA,NA,NA,NA,NA,Short (150-300 pages),NA,NA
Dear Villian,Jacqueline Gilbert,NA,NA,NA,NA,NA,NA,NA,NA,NA,NA,Short (150-300 pages),NA,NA
Maigret et le clochard,Georges Simenon,Narrative Nonfiction / Science Fiction / Historical Fiction / realistic fiction / nonfiction / Fiction in Verse / Fiction / Mystery,NA,NA,NA,NA,NA,NA,NA,NA,NA,Short (150-300 pages),NA,Science Fiction / Mystery / Thriller
The Arrogant Duke,Anne Mather,Fiction,NA,NA,NA,NA,NA,NA,NA,NA,NA,NA,NA,NA
Captive Destiny,Anne Mather,Fiction,NA,NA,NA,NA,NA,NA,NA,NA,NA,NA,NA,NA
The Little Tin Soldier,Hans Christian Andersen,Fiction / Narrative Nonfiction / Science Fiction / Historical Fiction / realistic fiction / nonfiction / Fiction in Verse / Fairy Tale,NA,NA,NA,NA,NA,NA,NA,Love them,NA,Very Short (< 150 pages),NA,Science Fiction / Love / Romance
Summer Island,Kristin Hannah,Fiction / Narrative Nonfiction / Science Fiction / Historical Fiction / realistic fiction / nonfiction / Fiction in Verse,NA,NA,NA,NA,NA,NA,NA,NA,NA,NA,NA,Science Fiction
Sick Heart River,John Buchan,Narrative Nonfiction / Science Fiction / Historical Fiction / realistic fiction / nonfiction / Fiction in Verse / Fiction,NA,NA,NA,NA,NA,NA,NA,NA,NA,Medium (300-500 pages),NA,Science Fiction
Geographia,Ptolemy,NA,NA,NA,NA,NA,NA,NA,NA,NA,Historical,Medium (300-500 pages),NA,Historical
The Face of Fear,Dean Koontz,Narrative Nonfiction / Science Fiction / Historical Fiction / realistic fiction / nonfiction / Fiction in Verse / Fiction / Horror / Mystery,NA,NA,NA,NA,NA,NA,NA,NA,NA,NA,NA,Science Fiction / Mystery / Thriller / Horror
Stars in My Heart,Barbara Cartland,Fiction,NA,NA,NA,NA,NA,NA,NA,NA,Historical,NA,NA,Historical
Shadow Spell,Nora Roberts,Narrative Nonfiction / Science Fiction / Historical Fiction / realistic fiction / nonfiction / Fiction in Verse / Fiction,NA,NA,NA,NA,Action,NA,NA,NA,NA,Medium (300-500 pages),NA,Science Fiction / Love / Romance / Friendship
The Vision,Dean Koontz,Horror / Fiction,NA,NA,NA,NA,NA,NA,NA,NA,NA,Short (150-300 pages),NA,Horror
Storm Over Paradise,Robyn Donald,Fiction,NA,NA,NA,NA,NA,NA,NA,NA,NA,Medium (300-500 pages),NA,NA
Savor the Moment,Nora Roberts,Narrative Nonfiction / Science Fiction / Historical Fiction / realistic fiction / nonfiction / Fiction in Verse / Fiction,NA,NA,NA,NA,NA,NA,NA,NA,NA,NA,NA,Friendship / Science Fiction / Love / Romance
Tribute,Nora Roberts,Narrative Nonfiction / Science Fiction / Historical Fiction / realistic fiction / nonfiction / Fiction in Verse / Fiction / Mystery,NA,NA,NA,NA,NA,NA,NA,NA,NA,Medium (300-500 pages),NA,Love / Romance / Science Fiction
Heiress,Janet Dailey,Narrative Nonfiction / Science Fiction / Historical Fiction / realistic fiction / nonfiction / Fiction in Verse / Fiction,NA,NA,NA,NA,NA,NA,NA,NA,NA,Medium (300-500 pages),NA,Science Fiction / Love / Romance
Island of Glass,Nora Roberts,Narrative Nonfiction / Science Fiction / Historical Fiction / realistic fiction / nonfiction / Fiction in Verse / Fiction / Fantasy,NA,NA,NA,NA,NA,NA,NA,NA,Modern-Day / Contemporary Settings,NA,NA,Science Fiction / Love / Romance / Fantasy / Friendship
Magna Carta,C. Walter Hodges,Magna,NA,NA,NA,NA,NA,NA,NA,NA,NA,NA,NA,NA
Beware the Beast,Anne Mather,Fiction,NA,NA,NA,NA,NA,NA,NA,NA,NA,NA,NA,NA
The Obsession,Nora Roberts,Narrative Nonfiction / Science Fiction / Historical Fiction / realistic fiction / nonfiction / Fiction in Verse / Fiction,NA,NA,NA,NA,NA,NA,NA,NA,NA,NA,NA,Science Fiction
The Bride of the Delta Queen,Janet Dailey,Fiction,NA,NA,NA,NA,NA,NA,NA,NA,Historical,Short (150-300 pages),NA,Historical
Cities of the World Europe Africa Asia,Magna,NA,NA,NA,NA,NA,NA,NA,NA,NA,NA,Very Short (< 150 pages),NA,NA
The Inimitable Jeeves,P. G. Wodehouse,Fiction / Narrative Nonfiction / Science Fiction / Historical Fiction / realistic fiction / nonfiction / Fiction in Verse,NA,NA,NA,NA,NA,NA,NA,NA,NA,NA,NA,Science Fiction / Humor
The Fog,James Herbert,Fiction / Horror / Narrative Nonfiction / Science Fiction / Historical Fiction / realistic fiction / nonfiction / Fiction in Verse,NA,NA,NA,NA,NA,NA,NA,NA,NA,NA,NA,Horror / Science Fiction
Shattered,Dean Koontz,Fiction / Horror,NA,NA,NA,NA,NA,NA,NA,NA,NA,NA,NA,Horror
Shorter catechism,Westminster Assembly (1643-1652),NA,NA,NA,NA,NA,NA,NA,NA,NA,NA,NA,NA,NA
Civitates Orbis Terrarum,Magna,NA,NA,NA,NA,NA,NA,NA,NA,NA,NA,NA,NA,NA
Pale Orchid,Anne Mather,Fiction,NA,NA,NA,NA,NA,NA,NA,NA,NA,NA,NA,NA
Honor Thyself,Danielle Steel,Narrative Nonfiction / Science Fiction / Historical Fiction / realistic fiction / nonfiction / Fiction in Verse / Fiction / Mystery,NA,NA,NA,NA,NA,NA,NA,NA,NA,NA,NA,Science Fiction
A Dictionary of Scottish Emigrants to the U.S.A.,Donald Whyte,NA,NA,NA,NA,NA,NA,NA,NA,NA,NA,NA,NA,NA
A Caribbean Mystery,Agatha Christie,Narrative Nonfiction / Science Fiction / Historical Fiction / realistic fiction / nonfiction / Fiction in Verse / Fiction / Mystery,Suspenseful,NA,NA,NA,NA,NA,NA,NA,NA,NA,NA,Science Fiction / Mystery / Thriller
Murder in Mesopotamia,Agatha Christie,Narrative Nonfiction / Science Fiction / Historical Fiction / realistic fiction / nonfiction / Fiction in Verse / Fiction / Mystery,NA,NA,NA,NA,NA,NA,NA,NA,NA,NA,NA,Science Fiction / Mystery / Thriller
The Hollow,Agatha Christie,Narrative Nonfiction / Science Fiction / Historical Fiction / realistic fiction / nonfiction / Fiction in Verse / Fiction / Mystery,NA,NA,NA,NA,NA,NA,NA,NA,NA,NA,NA,Science Fiction / Mystery / Thriller
Sleeping Murder,Agatha Christie,Narrative Nonfiction / Science Fiction / Historical Fiction / realistic fiction / nonfiction / Fiction in Verse / Fiction / Mystery,NA,NA,NA,NA,NA,NA,NA,NA,NA,NA,NA,Science Fiction / Mystery / Thriller
Five Little Pigs,Agatha Christie,Mystery / Narrative Nonfiction / Science Fiction / Historical Fiction / realistic fiction / nonfiction / Fiction in Verse / Fiction,NA,NA,NA,NA,NA,NA,NA,NA,NA,Short (150-300 pages),NA,Science Fiction / Mystery / Thriller
Death in the Clouds,Agatha Christie,Mystery / Narrative Nonfiction / Science Fiction / Historical Fiction / realistic fiction / nonfiction / Fiction in Verse / Fiction,NA,NA,NA,NA,NA,NA,NA,NA,NA,Medium (300-500 pages),NA,Science Fiction / Mystery / Thriller
They Do It with Mirrors,Agatha Christie,Narrative Nonfiction / Science Fiction / Historical Fiction / realistic fiction / nonfiction / Fiction in Verse / Fiction / Mystery,NA,NA,NA,NA,NA,NA,NA,NA,NA,NA,NA,Science Fiction / Mystery / Thriller
A Murder Is Announced,Agatha Christie,Narrative Nonfiction / Science Fiction / Historical Fiction / realistic fiction / nonfiction / Fiction in Verse / Fiction / Mystery,Suspenseful,NA,NA,NA,NA,NA,NA,NA,NA,NA,NA,Science Fiction / Mystery / Thriller
Whose Body?,Dorothy L. Sayers,Mystery / Narrative Nonfiction / Science Fiction / Historical Fiction / realistic fiction / nonfiction / Fiction in Verse / Fiction,NA,NA,NA,NA,NA,NA,NA,NA,NA,Short (150-300 pages),NA,Mystery / Thriller / Science Fiction
The Sittaford Mystery,Agatha Christie,Mystery / Narrative Nonfiction / Science Fiction / Historical Fiction / realistic fiction / nonfiction / Fiction in Verse / Fiction,NA,NA,NA,NA,NA,NA,NA,NA,NA,NA,NA,Science Fiction / Mystery / Thriller
Evil Under the Sun,Agatha Christie,Mystery / Narrative Nonfiction / Science Fiction / Historical Fiction / realistic fiction / nonfiction / Fiction in Verse / Fiction,NA,NA,NA,NA,NA,NA,NA,NA,NA,NA,NA,Science Fiction / Mystery / Thriller
Cards on the Table,Agatha Christie,Narrative Nonfiction / Science Fiction / Historical Fiction / realistic fiction / nonfiction / Fiction in Verse / Fiction / Mystery,NA,NA,NA,NA,NA,NA,NA,NA,NA,NA,NA,Science Fiction / Mystery / Thriller
The Mirror Crack'd from Side to Side,Agatha Christie,Narrative Nonfiction / Science Fiction / Historical Fiction / realistic fiction / nonfiction / Fiction in Verse / Fiction / Mystery,NA,NA,NA,NA,NA,NA,NA,NA,NA,NA,NA,Science Fiction / Mystery / Thriller
Appointment with Death,Agatha Christie,Fiction / Narrative Nonfiction / Science Fiction / Historical Fiction / realistic fiction / nonfiction / Fiction in Verse / Mystery,NA,NA,NA,NA,NA,NA,NA,NA,NA,NA,NA,Science Fiction / Mystery / Thriller
After the Funeral,Agatha Christie,Narrative Nonfiction / Science Fiction / Historical Fiction / realistic fiction / nonfiction / Fiction in Verse / Fiction / Mystery,NA,NA,NA,NA,NA,NA,NA,NA,NA,NA,NA,Science Fiction / Mystery / Thriller
The Seven Dials Mystery,Agatha Christie,Mystery / Narrative Nonfiction / Science Fiction / Historical Fiction / realistic fiction / nonfiction / Fiction in Verse / Fiction,NA,NA,NA,NA,NA,NA,NA,NA,Nature-based / Wilderness Adventure,NA,NA,Science Fiction / Mystery / Thriller / Adventure
At Bertram's Hotel,Agatha Christie,Narrative Nonfiction / Science Fiction / Historical Fiction / realistic fiction / nonfiction / Fiction in Verse / Fiction / Mystery,NA,NA,NA,NA,NA,NA,NA,NA,NA,NA,NA,Science Fiction / Mystery / Thriller
The Body in the Library,Agatha Christie,Narrative Nonfiction / Science Fiction / Historical Fiction / realistic fiction / nonfiction / Fiction in Verse / Fiction / Mystery,Suspenseful,NA,NA,NA,NA,NA,NA,NA,NA,NA,NA,Science Fiction / Mystery / Thriller
The Mysterious Stranger,Mark Twain,Narrative Nonfiction / Science Fiction / Historical Fiction / realistic fiction / nonfiction / Fiction in Verse / Fiction / Fantasy,NA,NA,NA,NA,NA,NA,NA,NA,Historical,Short (150-300 pages),NA,Humor / Science Fiction / Fantasy / Historical
The Secret Adversary,Agatha Christie,Narrative Nonfiction / Science Fiction / Historical Fiction / realistic fiction / nonfiction / Fiction in Verse / Fiction / Mystery,NA,NA,NA,NA,Action,NA,NA,NA,NA,NA,NA,Science Fiction / Mystery / Thriller / Adventure
The A.B.C. Murders,Agatha Christie,Narrative Nonfiction / Science Fiction / Historical Fiction / realistic fiction / nonfiction / Fiction in Verse / Fiction / Mystery,Suspenseful,NA,NA,NA,NA,NA,NA,NA,NA,NA,NA,Science Fiction / Mystery / Thriller / Humor
Nemesis,Agatha Christie,Narrative Nonfiction / Science Fiction / Historical Fiction / realistic fiction / nonfiction / Fiction in Verse / Fiction / Mystery,NA,NA,NA,NA,NA,NA,NA,NA,NA,NA,NA,Science Fiction / Mystery / Thriller
Curtain,Agatha Christie,Narrative Nonfiction / Science Fiction / Historical Fiction / realistic fiction / nonfiction / Fiction in Verse / Fiction / Mystery,NA,NA,NA,NA,NA,NA,NA,NA,NA,NA,NA,Science Fiction / Mystery / Thriller
Dumb Witness,Agatha Christie,Narrative Nonfiction / Science Fiction / Historical Fiction / realistic fiction / nonfiction / Fiction in Verse / Fiction / Mystery / Comic,NA,NA,NA,NA,NA,NA,NA,NA,NA,NA,NA,Science Fiction / Mystery / Thriller
4:50 from Paddington,Agatha Christie,Narrative Nonfiction / Science Fiction / Historical Fiction / realistic fiction / nonfiction / Fiction in Verse / Fiction / Mystery,NA,NA,NA,NA,NA,NA,NA,NA,NA,Short (150-300 pages),NA,Science Fiction / Mystery / Thriller
Hallowe'en Party,Agatha Christie,Narrative Nonfiction / Science Fiction / Historical Fiction / realistic fiction / nonfiction / Fiction in Verse / Fiction / Mystery / Comic,NA,NA,NA,NA,NA,NA,NA,NA,NA,NA,NA,Science Fiction / Mystery / Thriller
Third Girl,Agatha Christie,Narrative Nonfiction / Science Fiction / Historical Fiction / realistic fiction / nonfiction / Fiction in Verse / Fiction / Mystery,NA,NA,NA,NA,NA,NA,NA,NA,NA,NA,NA,Science Fiction / Mystery / Thriller
The Red House Mystery,A. A. Milne,Mystery / Narrative Nonfiction / Science Fiction / Historical Fiction / realistic fiction / nonfiction / Fiction in Verse / Fiction,NA,NA,NA,NA,NA,NA,NA,NA,NA,NA,NA,Science Fiction
"One, Two, Buckle My Shoe",Agatha Christie,Narrative Nonfiction / Science Fiction / Historical Fiction / realistic fiction / nonfiction / Fiction in Verse / Fiction / Mystery,NA,NA,NA,NA,NA,NA,NA,NA,NA,NA,NA,Science Fiction / Mystery / Thriller
And Then There Were None,Agatha Christie,Mystery / Fiction / Narrative Nonfiction / Science Fiction / Historical Fiction / realistic fiction / nonfiction / Fiction in Verse,NA,NA,NA,NA,NA,NA,NA,NA,Historical,Short (150-300 pages),NA,Science Fiction / Historical
Sad Cypress,Agatha Christie,Narrative Nonfiction / Science Fiction / Historical Fiction / realistic fiction / nonfiction / Fiction in Verse / Fiction / Mystery,NA,NA,NA,NA,NA,NA,NA,NA,Historical,NA,NA,Science Fiction / Historical / Mystery / Thriller / Love / Romance
The Big Sleep,Raymond Chandler,Narrative Nonfiction / Science Fiction / Historical Fiction / realistic fiction / nonfiction / Fiction in Verse / Fiction / Mystery,NA,NA,NA,NA,NA,NA,NA,NA,NA,Short (150-300 pages),NA,Science Fiction
The Valley of Fear,Arthur Conan Doyle,Mystery / Narrative Nonfiction / Science Fiction / Historical Fiction / realistic fiction / nonfiction / Fiction in Verse / Fiction,NA,NA,NA,NA,Action,NA,NA,NA,NA,Short (150-300 pages),NA,Science Fiction / Adventure
Dead Man's Folly,Agatha Christie,Narrative Nonfiction / Science Fiction / Historical Fiction / realistic fiction / nonfiction / Fiction in Verse / Fiction / Mystery / Comic,NA,NA,NA,NA,NA,NA,NA,NA,Historical,NA,NA,Science Fiction / Historical / Mystery / Thriller / Love / Romance
Mrs. McGinty's Dead,Agatha Christie,Narrative Nonfiction / Science Fiction / Historical Fiction / realistic fiction / nonfiction / Fiction in Verse / Fiction / Mystery,NA,NA,NA,NA,NA,NA,NA,NA,NA,NA,NA,Science Fiction / Mystery / Thriller
Murder is Easy,Agatha Christie,Narrative Nonfiction / Science Fiction / Historical Fiction / realistic fiction / nonfiction / Fiction in Verse / Fiction / Mystery,NA,NA,NA,NA,NA,NA,NA,NA,NA,NA,NA,Science Fiction
"The Complete Sherlock Holmes [4 novels, 56 stories]",Arthur Conan Doyle,Fiction / Mystery / Narrative Nonfiction / Science Fiction / Historical Fiction / realistic fiction / nonfiction / Fiction in Verse,Dark,NA,NA,NA,Action,NA,NA,NA,Historical,Epic (700+ pages),NA,Adventure / Science Fiction / Historical
Il nome della rosa,Umberto Eco,Narrative Nonfiction / Science Fiction / Historical Fiction / realistic fiction / nonfiction / Fiction in Verse / Fiction / Mystery,NA,NA,NA,NA,NA,NA,NA,NA,Historical,Epic (700+ pages),NA,Science Fiction / Historical
The Man Who Knew Too Much,Gilbert Keith Chesterton,Narrative Nonfiction / Science Fiction / Historical Fiction / realistic fiction / nonfiction / Fiction in Verse / Fiction / Mystery,NA,NA,NA,NA,NA,NA,NA,NA,NA,Very Short (< 150 pages),NA,Science Fiction
"Tom Sawyer, Detective",Mark Twain,Narrative Nonfiction / Science Fiction / Historical Fiction / realistic fiction / nonfiction / Fiction in Verse / Fiction / Biography / Autobiography / Mystery,NA,NA,NA,NA,Action,NA,NA,NA,Nature-based / Wilderness Adventure,NA,NA,Science Fiction / Humor / Adventure
In Cold Blood,Truman Capote,Mystery / Fiction / Narrative Nonfiction / Science Fiction / Historical Fiction / realistic fiction / nonfiction / Fiction in Verse,Romantic,NA,NA,NA,NA,NA,NA,NA,NA,Medium (300-500 pages),NA,Mystery / Thriller / Love / Romance / Coming of Age / Humor / Science Fiction
Siddhartha,Hermann Hesse,Narrative Nonfiction / Science Fiction / Historical Fiction / realistic fiction / nonfiction / Fiction in Verse / Fiction / mythology,NA,NA,NA,NA,NA,NA,NA,NA,Historical,Very Short (< 150 pages),NA,Science Fiction / Historical
A dictionary of the English language,Samuel Johnson,NA,NA,NA,NA,NA,NA,NA,NA,NA,NA,NA,No preferences,NA
The Book of the Dead,Ernest Alfred Wallis Budge,Narrative Nonfiction / nonfiction / Fiction / Science Fiction / Historical Fiction / realistic fiction / Fiction in Verse / mythology,NA,NA,NA,NA,NA,NA,NA,NA,NA,Long (500-700 pages),NA,Science Fiction
Medea,Euripides,Drama / mythology,Dramatic,NA,NA,NA,NA,NA,NA,NA,NA,Very Short (< 150 pages),NA,NA
Norse Mythology,Neil Gaiman,mythology / Fiction / Legend / Fairy Tale / Narrative Nonfiction / Science Fiction / Historical Fiction / realistic fiction / nonfiction / Fiction in Verse / Fantasy,NA,NA,NA,NA,NA,NA,NA,NA,Fantasy Realms,Short (150-300 pages),NA,Science Fiction / Fantasy
American Gods,Neil Gaiman,Science Fiction / Fiction / Fantasy / mythology / Narrative Nonfiction / Historical Fiction / realistic fiction / nonfiction / Fiction in Verse / Comic,Romantic,NA,NA,NA,NA,NA,NA,NA,Fantasy Realms,Epic (700+ pages),NA,Science Fiction / Fantasy / Love / Romance
The Odyssey,??????,Poetry,NA,NA,NA,NA,NA,NA,NA,NA,NA,NA,NA,NA
World mythology,Donna Rosenberg,mythology,NA,NA,NA,NA,NA,NA,NA,NA,NA,NA,NA,NA
Le mythe de Sisyphe,Albert Camus,Essay / mythology / Fiction,NA,NA,NA,NA,NA,NA,NA,NA,Big cities / Urban Life,Short (150-300 pages),NA,NA
The Complete World of Greek Mythology,Richard Buxton,mythology / Folklore,NA,NA,NA,NA,NA,NA,NA,NA,NA,NA,NA,NA
The masks of God,Joseph Campbell,mythology,NA,NA,NA,NA,NA,NA,NA,NA,NA,Long (500-700 pages),NA,NA
The Greek myths,Robert Graves,mythology,NA,NA,NA,NA,NA,NA,NA,NA,NA,NA,NA,NA
The Battle of the Labyrinth,Rick Riordan,mythology / Fiction / Narrative Nonfiction / Science Fiction / Historical Fiction / realistic fiction / nonfiction / Fiction in Verse / Fantasy,NA,NA,NA,NA,NA,NA,NA,NA,Fantasy Realms / Nature-based / Wilderness Adventure,Medium (300-500 pages),NA,Science Fiction / Fantasy / Friendship / Adventure
Wintersmith,Terry Pratchett,Fiction / Narrative Nonfiction / Science Fiction / Historical Fiction / realistic fiction / nonfiction / Fiction in Verse / mythology / Fantasy,NA,NA,NA,NA,NA,NA,NA,NA,Fantasy Realms,NA,NA,Humor / Science Fiction / Fantasy
The Penelopiad,Margaret Atwood,mythology / Narrative Nonfiction / Science Fiction / Historical Fiction / realistic fiction / nonfiction / Fiction in Verse / Fiction / Fantasy,NA,NA,NA,NA,NA,NA,NA,NA,NA,NA,NA,Science Fiction / Fantasy
Proserpine & Midas,Mary Shelley,Drama / mythology / Legend,Dramatic,NA,NA,NA,NA,NA,NA,NA,NA,NA,NA,NA
The Crying of Lot 49,Thomas Pynchon,Narrative Nonfiction / Science Fiction / Historical Fiction / realistic fiction / nonfiction / Fiction in Verse / Fiction / mythology / Poetry,NA,NA,NA,NA,NA,NA,NA,NA,NA,NA,NA,Science Fiction
The Lost Hero,Rick Riordan,Fiction / Fantasy / mythology / Narrative Nonfiction / Science Fiction / Historical Fiction / realistic fiction / nonfiction / Fiction in Verse,NA,NA,Hero / Antihero,NA,Action,NA,NA,Love them,Fantasy Realms / Nature-based / Wilderness Adventure / depends on the plot / Otherworldly / Parallel Universes,Long (500-700 pages),NA,Fantasy / Adventure / Science Fiction
The Book Of Three,Alexander,Fantasy / Fiction / mythology / Narrative Nonfiction / Science Fiction / Historical Fiction / realistic fiction / nonfiction / Fiction in Verse / Fairy Tale,NA,NA,Hero,NA,NA,NA,NA,NA,Fantasy Realms,Short (150-300 pages),NA,Fantasy / Science Fiction / Adventure
Odyssey,??????,Poetry,NA,NA,NA,NA,NA,NA,NA,NA,NA,NA,NA,NA
The Last Olympian,Rick Riordan,Narrative Nonfiction / Science Fiction / Historical Fiction / realistic fiction / nonfiction / Fiction in Verse / Fiction / mythology / Fantasy,NA,NA,NA,NA,NA,NA,NA,NA,Fantasy Realms,Short (150-300 pages),NA,Science Fiction / Fantasy / Adventure / Friendship
Snow Crash,Neal Stephenson,Science Fiction / Fiction / Narrative Nonfiction / Historical Fiction / realistic fiction / nonfiction / Fiction in Verse / Fantasy / mythology,Suspenseful,NA,Protagonist,NA,NA,NA,NA,NA,NA,NA,NA,Science Fiction / Humor / Fantasy
Hogfather,Terry Pratchett,Narrative Nonfiction / Science Fiction / Historical Fiction / realistic fiction / nonfiction / Fiction in Verse / Fiction / Fantasy / mythology,NA,NA,NA,NA,NA,NA,NA,NA,Fantasy Realms,NA,NA,Science Fiction / Fantasy / Humor
The Song of Achilles,Madeline Miller,mythology / Narrative Nonfiction / Science Fiction / Historical Fiction / realistic fiction / nonfiction / Fiction in Verse / Fiction,NA,Fast,NA,NA,NA,NA,NA,NA,Historical,Medium (300-500 pages),NA,Friendship / Science Fiction / Historical
Sophocles,Sophocles,Drama / mythology,Dramatic,NA,NA,NA,NA,NA,NA,NA,NA,Medium (300-500 pages),NA,NA
Troilus and Cressida,William Shakespeare,Drama / Legend / Narrative Nonfiction / Science Fiction / Historical Fiction / realistic fiction / nonfiction / Fiction in Verse / Fiction / mythology,Dramatic,Fast,NA,NA,NA,NA,NA,NA,NA,Short (150-300 pages),NA,Science Fiction
The works of Hubert Howe Bancroft,Hubert Howe Bancroft,Biography / Autobiography / Essay / mythology,NA,NA,NA,NA,NA,NA,NA,NA,NA,Medium (300-500 pages),NA,Justice / Law
The Tin Woodman of Oz,L. Frank Baum,Fiction / Narrative Nonfiction / Science Fiction / Historical Fiction / realistic fiction / nonfiction / Fiction in Verse / Fantasy,NA,NA,NA,NA,NA,NA,NA,NA,Fantasy Realms / Historical,Very Short (< 150 pages),NA,Science Fiction / Fantasy / Historical
Bacchae,Euripides,Drama / Legend / mythology,Dramatic,NA,NA,NA,NA,NA,NA,NA,NA,NA,NA,NA
Circe,Madeline Miller,Fantasy / mythology / Historical Fiction / Fiction / Narrative Nonfiction / Science Fiction / realistic fiction / nonfiction / Fiction in Verse,NA,NA,NA,NA,NA,NA,NA,NA,Fantasy Realms / Historical,Medium (300-500 pages),NA,Fantasy / Historical / Science Fiction
The Long Dark Tea-Time of the Soul,Douglas Adams,mythology / Fantasy / Fiction / Science Fiction / Narrative Nonfiction / Historical Fiction / realistic fiction / nonfiction / Fiction in Verse,NA,NA,NA,NA,NA,NA,NA,NA,NA,NA,NA,Fantasy / Humor / Science Fiction
Sesame and lilies,John Ruskin,mythology / Essay,NA,NA,NA,NA,NA,NA,NA,NA,NA,Short (150-300 pages),NA,NA
Daughter of Smoke and Bone,Laini Taylor,mythology / Fiction / Narrative Nonfiction / Science Fiction / Historical Fiction / realistic fiction / nonfiction / Fiction in Verse / Fantasy,Dark,NA,NA,NA,NA,NA,NA,NA,NA,Medium (300-500 pages),NA,Science Fiction / Fantasy
Wild Animal Coloring Book,Katty Green,NA,NA,NA,NA,NA,NA,NA,NA,NA,NA,NA,NA,NA
The Sword of Summer,Rick Riordan,Narrative Nonfiction / Science Fiction / Historical Fiction / realistic fiction / nonfiction / Fiction in Verse / Fiction / Fantasy / mythology,NA,NA,NA,NA,Action,NA,NA,NA,Fantasy Realms / Nature-based / Wilderness Adventure,Medium (300-500 pages),Fast-pace & action-oriented,Science Fiction / Fantasy / Adventure
The Teachings of Don Juan,Carlos Castaneda,mythology,NA,NA,NA,NA,NA,NA,NA,NA,NA,Short (150-300 pages),NA,NA
Doodle Art,Doodle Art,Fiction,NA,NA,NA,NA,NA,NA,NA,NA,NA,NA,NA,NA
Mythologies,Roland Barthes,Essay / mythology,NA,NA,NA,NA,NA,NA,NA,NA,NA,Short (150-300 pages),NA,NA
Edda,Snorri Sturluson,mythology / Poetry,NA,NA,NA,NA,NA,NA,NA,NA,NA,Short (150-300 pages),NA,NA
The Myth of Sisyphus and Other Essays,Albert Camus,Essay / mythology,NA,NA,NA,NA,NA,NA,NA,NA,Big cities / Urban Life,NA,NA,NA
The Son of Neptune,Rick Riordan,mythology / Fiction / Narrative Nonfiction / Science Fiction / Historical Fiction / realistic fiction / nonfiction / Fiction in Verse / Fantasy,NA,NA,NA,NA,NA,NA,NA,NA,Fantasy Realms,Long (500-700 pages),NA,Science Fiction / Fantasy
Grendel,John Gardner,Fantasy / Fiction / Narrative Nonfiction / Science Fiction / Historical Fiction / realistic fiction / nonfiction / Fiction in Verse / Poetry / mythology,NA,NA,Hero,NA,NA,NA,NA,NA,NA,Short (150-300 pages),NA,Fantasy / Science Fiction
Agamemnon,Aeschylus,Drama / mythology / Poetry,Dramatic,NA,NA,NA,NA,NA,NA,NA,NA,NA,NA,NA
Aphrodite (ancient manners),Pierre Louy?s,Narrative Nonfiction / Science Fiction / Historical Fiction / realistic fiction / nonfiction / Fiction in Verse / Fiction / mythology,NA,NA,NA,NA,NA,NA,NA,NA,Historical,Very Short (< 150 pages),NA,Science Fiction / Historical
12 Rules for Life,Jordan B. Peterson,mythology,NA,NA,NA,NA,NA,NA,NA,NA,NA,NA,NA,Social Issues
The Hammer of Thor,Rick Riordan,Legend / Fiction / Fantasy / mythology,NA,NA,NA,NA,NA,NA,NA,NA,Nature-based / Wilderness Adventure,Medium (300-500 pages),NA,Adventure / Fantasy
Primitive culture,Edward B. Tylor,mythology,NA,NA,NA,NA,NA,NA,NA,NA,NA,NA,NA,NA
Japanese mythology,Juliet Piggott,mythology,NA,NA,NA,NA,NA,NA,NA,NA,NA,Very Short (< 150 pages),NA,NA
The Power of Your Subconscious Mind,Joseph Murphy,Narrative Nonfiction / nonfiction / Fiction,NA,NA,NA,NA,Action,NA,NA,NA,NA,NA,NA,Victory & Achievement / Faith / Spiritually
The Devil's Dictionary,Ambrose Bierce,nonfiction / Fiction / Narrative Nonfiction / Science Fiction / Historical Fiction / realistic fiction / Fiction in Verse,NA,NA,NA,NA,NA,NA,NA,NA,NA,NA,No preferences,Humor / Adventure / Science Fiction
"The art of money getting, or, Golden rules for money getting",P. T. Barnum,Narrative Nonfiction / nonfiction / Fiction,NA,NA,NA,NA,NA,NA,NA,NA,NA,Very Short (< 150 pages),NA,NA
The book of tea,Okakura Kakuzo,Narrative Nonfiction / Science Fiction / Historical Fiction / realistic fiction / nonfiction / Fiction in Verse / Fiction,NA,NA,NA,NA,NA,NA,NA,NA,NA,Very Short (< 150 pages),NA,Teamwork & Competition / Science Fiction
A Brief History of Time,Stephen Hawking,Science Fiction / nonfiction / Fiction,NA,NA,NA,NA,NA,NA,NA,NA,Otherworldly / Parallel Universes,NA,NA,Science Fiction
"The science of getting rich, or, financial success through creative thought",Wallace D. Wattles,Narrative Nonfiction / nonfiction / Fiction,NA,NA,NA,NA,NA,NA,NA,NA,NA,Very Short (< 150 pages),NA,NA
The Wealth of Nations,Adam Smith,Narrative Nonfiction / nonfiction / Fiction,NA,NA,NA,NA,NA,NA,NA,NA,NA,NA,No preferences,NA
"The life of Olaudah Equiano, or Gustavus Vassa, the African",Olaudah Equiano,Biography / Autobiography / Narrative Nonfiction / nonfiction / Fiction,NA,NA,NA,NA,NA,NA,NA,NA,Historical,NA,NA,Historical
Common Sense,Thomas Paine,Narrative Nonfiction / nonfiction / Fiction / Science Fiction / Historical Fiction / realistic fiction / Fiction in Verse,NA,NA,NA,NA,NA,NA,NA,NA,NA,Medium (300-500 pages),NA,Science Fiction
On the origin of species by means of natural selection,Charles Darwin,Narrative Nonfiction / nonfiction / Fiction / Science Fiction,Romantic,NA,NA,NA,NA,NA,NA,NA,NA,Medium (300-500 pages),NA,Love / Romance / Science Fiction
Utopia,Thomas More,Narrative Nonfiction / Science Fiction / Historical Fiction / realistic fiction / nonfiction / Fiction in Verse / Fiction / Essay,NA,NA,NA,NA,NA,NA,NA,NA,NA,Very Short (< 150 pages),NA,Science Fiction
????????,Vatsya?yana,NA,NA,NA,NA,NA,NA,NA,NA,NA,NA,NA,NA,NA
Leviathan,Thomas Hobbes,Narrative Nonfiction / nonfiction / Fiction / Essay,NA,NA,NA,NA,NA,NA,NA,NA,NA,Medium (300-500 pages),No preferences,NA
The game of life and how to play it,Florence Scovel-Shinn,Narrative Nonfiction / nonfiction / Fiction,NA,NA,NA,NA,NA,NA,NA,NA,NA,NA,NA,NA
Gorin no sho,Miyamoto Musashi,Biography / Autobiography / nonfiction / Fiction,Grim,NA,NA,NA,NA,NA,NA,NA,NA,NA,NA,Sports
Die protestantische Ethik und der Geist des Kapitalismus,Max Weber,Narrative Nonfiction / nonfiction / Fiction,NA,NA,NA,NA,NA,NA,NA,NA,NA,NA,NA,NA
A Modern Utopia,H. G. Wells,Narrative Nonfiction / Science Fiction / Historical Fiction / realistic fiction / nonfiction / Fiction in Verse / Fiction,NA,NA,NA,NA,NA,NA,NA,NA,NA,NA,NA,Science Fiction
Sapiens,Yuval Noah Harari,Fiction / Science Fiction / nonfiction / Comic,NA,NA,NA,NA,NA,NA,NA,NA,Historical,NA,NA,Historical / Science Fiction
Rights of Man,Thomas Paine,Narrative Nonfiction / Science Fiction / Historical Fiction / realistic fiction / nonfiction / Fiction in Verse / Fiction,NA,NA,NA,NA,NA,NA,NA,NA,NA,Very Short (< 150 pages),Concise & Straightforward,Science Fiction
"Men are From Mars, Women are From Venus",John Gray,Narrative Nonfiction / nonfiction / Fiction,NA,NA,NA,NA,Character development,NA,NA,NA,NA,NA,Experimental or Non-Linear,Victory & Achievement
Two Treatises on Government,John Locke,Essay / Narrative Nonfiction / nonfiction / Fiction,NA,NA,NA,NA,NA,NA,NA,NA,Modern-Day / Contemporary Settings,NA,NA,Political / Philosophical
Utilitarianism,John Stuart Mill,Narrative Nonfiction / nonfiction / Fiction / Essay,NA,NA,NA,NA,NA,NA,NA,NA,NA,NA,NA,NA
On Writing Well,William Zinsser,NA,NA,NA,NA,NA,NA,NA,NA,NA,NA,NA,NA,NA
Island of the Blue Dolphins,Scott O'Dell,Narrative Nonfiction / Science Fiction / Historical Fiction / realistic fiction / nonfiction / Fiction in Verse / Fiction,NA,NA,NA,NA,Action,NA,NA,NA,NA,Very Short (< 150 pages),NA,Science Fiction / Survival / Adventure
The Everlasting Man,Gilbert Keith Chesterton,Narrative Nonfiction / nonfiction / Fiction,NA,NA,NA,NA,NA,NA,NA,NA,NA,NA,NA,NA
"Eat, Pray, Love",Elizabeth Gilbert,nonfiction / Fiction / Narrative Nonfiction / Biography / Autobiography,NA,NA,NA,NA,NA,NA,NA,NA,NA,Medium (300-500 pages),NA,NA
Freakonomics,Steven D. Levitt,Narrative Nonfiction / nonfiction / Fiction,NA,NA,NA,NA,NA,NA,NA,NA,NA,Medium (300-500 pages),NA,Humor
Heretics,Gilbert Keith Chesterton,Essay / Narrative Nonfiction / nonfiction / Fiction,NA,NA,NA,NA,NA,NA,NA,NA,Historical,Short (150-300 pages),NA,Historical
"The Federalist, or, The New Constitution",Alexander Hamilton,Narrative Nonfiction / Science Fiction / Historical Fiction / realistic fiction / nonfiction / Fiction in Verse / Fiction / Essay,NA,NA,NA,NA,NA,NA,NA,NA,NA,Medium (300-500 pages),NA,Science Fiction / Justice / Law / Friendship / Humor
How to live on 24 hours a day,Arnold Bennett,Narrative Nonfiction / nonfiction / Fiction,NA,NA,NA,NA,NA,NA,NA,NA,NA,NA,NA,NA
Alive!,Piers Paul Read,Fiction,NA,NA,NA,NA,NA,NA,NA,NA,NA,Medium (300-500 pages),NA,Survival
Fuente Ovejuna,Lope de Vega,Fiction / nonfiction / Drama / Narrative Nonfiction / Science Fiction / Historical Fiction / realistic fiction / Fiction in Verse,Dramatic,NA,NA,NA,NA,NA,NA,NA,NA,Short (150-300 pages),NA,Science Fiction
Biology,Neil Alexander Campbell,Science Fiction / Fiction,NA,NA,NA,NA,NA,NA,NA,NA,NA,Epic (700+ pages),NA,Science Fiction
The 48 Laws of Power,Robert Greene,Narrative Nonfiction / nonfiction / Fiction,NA,NA,NA,NA,NA,NA,NA,NA,NA,NA,NA,NA
A short history of nearly everything,Bill Bryson,Science Fiction / Narrative Nonfiction / nonfiction / Fiction,NA,NA,NA,NA,NA,NA,NA,NA,Big cities / Urban Life,NA,NA,Science Fiction / Humor
Self-help,Samuel Smiles,Narrative Nonfiction / nonfiction / Fiction,NA,NA,NA,NA,NA,NA,NA,NA,NA,Medium (300-500 pages),NA,NA
A Brief History Of The United States,Allan Nevins,Narrative Nonfiction / nonfiction / Fiction,NA,NA,NA,NA,NA,NA,NA,NA,NA,NA,NA,NA
Sein und Zeit,Martin Heidegger,Essay / Poetry,NA,NA,NA,NA,NA,NA,NA,NA,NA,Very Short (< 150 pages),NA,NA
The Poems of Emily Dickinson Volume II,Emily Dickinson,Poetry / Narrative Nonfiction / Science Fiction / Historical Fiction / realistic fiction / nonfiction / Fiction in Verse / Fiction,NA,NA,NA,NA,NA,NA,NA,NA,NA,Very Short (< 150 pages),NA,Science Fiction
De rerum natura,Titus Lucretius Carus,Poetry / Science Fiction,NA,NA,NA,NA,NA,NA,NA,NA,Nature-based / Wilderness Adventure,Medium (300-500 pages),NA,Science Fiction
Winnie-the-Pooh,A. A. Milne,Fiction / Narrative Nonfiction / Science Fiction / Historical Fiction / realistic fiction / nonfiction / Fiction in Verse / Poetry,NA,NA,NA,NA,NA,NA,NA,NA,NA,Short (150-300 pages),NA,Science Fiction / Friendship / Training & Dedication / Humor
"Works [37 plays, 6 poems, sonnets]",William Shakespeare,Drama / Poetry / Fiction / Narrative Nonfiction / Science Fiction / Historical Fiction / realistic fiction / nonfiction / Fiction in Verse / Biography / Autobiography / Legend,Dramatic / Playful,NA,Hero / Antihero,Sad,NA,NA,NA,Love them,NA,NA,NA,Science Fiction / Survival / Love / Romance
?????? ??????,Boris Leonidovich Pasternak,Narrative Nonfiction / Science Fiction / Historical Fiction / realistic fiction / nonfiction / Fiction in Verse / Fiction / Poetry,NA,Fast,NA,NA,NA,NA,NA,NA,Historical,Long (500-700 pages),NA,Science Fiction / Historical / Love / Romance
The Sayings of Lao Tzu?,Laozi,Narrative Nonfiction / Science Fiction / Historical Fiction / realistic fiction / nonfiction / Fiction in Verse / Fiction,NA,NA,NA,NA,NA,NA,NA,NA,NA,NA,NA,Science Fiction
Ars Amatoria,Ovid,Poetry,NA,NA,NA,NA,NA,NA,NA,Love them,NA,NA,NA,Love / Romance
A  child's garden of verses,Robert Louis Stevenson,Poetry,NA,NA,NA,NA,NA,NA,NA,NA,NA,NA,NA,NA
Rime of the ancient mariner,Samuel Taylor Coleridge,Poetry / Fiction / Narrative Nonfiction / Science Fiction / Historical Fiction / realistic fiction / nonfiction / Fiction in Verse,NA,NA,NA,NA,NA,NA,NA,NA,NA,Very Short (< 150 pages),NA,Science Fiction
Goethe's Werke,Johann Wolfgang von Goethe,Science Fiction / Biography / Autobiography / Poetry,NA,NA,NA,NA,Character development,NA,NA,NA,NA,NA,Experimental or Non-Linear,Science Fiction / Victory & Achievement
"Brown Bear, Brown Bear, What Do You See?",Bill Martin Jr.,Narrative Nonfiction / Science Fiction / Historical Fiction / realistic fiction / nonfiction / Fiction in Verse / Fiction / Poetry,NA,NA,NA,NA,NA,NA,NA,NA,NA,NA,NA,Science Fiction
"The Renaissance, Studies in Art and Poetry",Walter Pater,Narrative Nonfiction / nonfiction / Fiction / Poetry,NA,NA,NA,NA,NA,NA,NA,NA,NA,Short (150-300 pages),NA,NA
The Rainbow,D. H. Lawrence,Narrative Nonfiction / Science Fiction / Historical Fiction / realistic fiction / nonfiction / Fiction in Verse / Fiction / Fantasy,NA,NA,NA,NA,NA,NA,NA,NA,NA,NA,NA,Science Fiction / Family Dynamics / Fantasy
Gitanjali (song offerings),Rabindranath Tagore,Poetry / Narrative Nonfiction / Science Fiction / Historical Fiction / realistic fiction / nonfiction / Fiction in Verse / Fiction,NA,NA,NA,NA,NA,NA,NA,NA,NA,Very Short (< 150 pages),NA,Science Fiction
The complete poetical works,Robert Burns,Biography / Autobiography / Poetry,NA,NA,NA,NA,NA,NA,NA,NA,NA,Medium (300-500 pages),NA,NA
Milton's Poems,John Milton,Poetry,NA,NA,NA,NA,NA,NA,NA,NA,NA,Long (500-700 pages),NA,NA
Revolting rhymes,Roald Dahl,Fairy Tale / Poetry,NA,NA,NA,NA,NA,NA,NA,NA,NA,NA,NA,Humor
The lady of the lake,Sir Walter Scott,Legend / Poetry,NA,NA,NA,NA,NA,NA,NA,NA,NA,Short (150-300 pages),NA,NA
Roots,Alex Haley,Biography / Autobiography / Narrative Nonfiction / Science Fiction / Historical Fiction / realistic fiction / nonfiction / Fiction in Verse / Fiction / Poetry,NA,NA,NA,NA,NA,NA,NA,NA,Historical,NA,NA,Family Dynamics / Science Fiction / Historical
Memorabilia,Xenophon,Biography / Autobiography,NA,NA,NA,NA,NA,NA,NA,NA,NA,Short (150-300 pages),NA,NA
Room on the Broom,Julia Donaldson,Fiction / Narrative Nonfiction / Science Fiction / Historical Fiction / realistic fiction / nonfiction / Fiction in Verse / Fantasy / Poetry,NA,NA,NA,NA,NA,NA,NA,NA,NA,Very Short (< 150 pages),NA,Science Fiction / Fantasy / Humor
De consolatione philosophiae,Boethius,Poetry,NA,NA,NA,NA,NA,NA,NA,NA,NA,Very Short (< 150 pages),NA,NA
The plays of Oscar Wilde,Oscar Wilde,Drama / Poetry / Fiction / Biography / Autobiography,Dramatic,NA,NA,NA,NA,NA,NA,NA,Historical,Short (150-300 pages),NA,Humor / Historical
An essay on man,Alexander Pope,Poetry,NA,NA,NA,NA,NA,NA,NA,NA,NA,NA,NA,NA
